1,COLEG.SAGR.CORAZON DE JESUS,LIBERTAD 286,MERLO (PARTE),652,6
2,COLEG.SAGR.CORAZON DE JESUS,LIBERTAD 286,MERLO (PARTE),652,6
3,COLEG.SAGR.CORAZON DE JESUS,LIBERTAD 286,MERLO (PARTE),652,6
4,COLEG.SAGR.CORAZON DE JESUS,LIBERTAD 286,MERLO (PARTE),652,6
5,COLEG.SAGR.CORAZON DE JESUS,LIBERTAD 286,MERLO (PARTE),652,6
6,COLEG.SAGR.CORAZON DE JESUS,LIBERTAD 286,MERLO (PARTE),652,6
7,ESCUELA EP NRO45/ES NRO43,VERGARA 360,MERLO (PARTE),652,12
8,ESCUELA EP NRO45/ES NRO43,VERGARA 360,MERLO (PARTE),652,12
9,ESCUELA EP NRO45/ES NRO43,VERGARA 360,MERLO (PARTE),652,12
10,ESCUELA EP NRO45/ES NRO43,VERGARA 360,MERLO (PARTE),652,12
11,ESCUELA EP NRO45/ES NRO43,VERGARA 360,MERLO (PARTE),652,12
12,ESCUELA EP NRO45/ES NRO43,VERGARA 360,MERLO (PARTE),652,12
13,ESCUELA EP NRO45/ES NRO43,VERGARA 360,MERLO (PARTE),652,12
14,ESCUELA EP NRO45/ES NRO43,VERGARA 360,MERLO (PARTE),652,12
15,ESCUELA EP NRO45/ES NRO43,VERGARA 360,MERLO (PARTE),652,12
16,ESCUELA EP NRO45/ES NRO43,VERGARA 360,MERLO (PARTE),652,12
17,ESCUELA EP NRO45/ES NRO43,VERGARA 360,MERLO (PARTE),652,12
18,ESCUELA EP NRO45/ES NRO43,VERGARA 360,MERLO (PARTE),652,12
19,ESCUELA EP NRO47,CONSTITUCION 352,MERLO (PARTE),652,10
20,ESCUELA EP NRO47,CONSTITUCION 352,MERLO (PARTE),652,10
21,ESCUELA EP NRO47,CONSTITUCION 352,MERLO (PARTE),652,10
22,ESCUELA EP NRO47,CONSTITUCION 352,MERLO (PARTE),652,10
23,ESCUELA EP NRO47,CONSTITUCION 352,MERLO (PARTE),652,10
24,ESCUELA EP NRO47,CONSTITUCION 352,MERLO (PARTE),652,10
25,ESCUELA EP NRO47,CONSTITUCION 352,MERLO (PARTE),652,10
26,ESCUELA EP NRO47,CONSTITUCION 352,MERLO (PARTE),652,10
27,ESCUELA EP NRO47,CONSTITUCION 352,MERLO (PARTE),652,10
28,ESCUELA EP NRO47,CONSTITUCION 352,MERLO (PARTE),652,10
29,ESCUELA EP NRO3,LIBERTAD 790,MERLO (PARTE),652,11
30,ESCUELA EP NRO3,LIBERTAD 790,MERLO (PARTE),652,11
31,ESCUELA EP NRO3,LIBERTAD 790,MERLO (PARTE),652,11
32,ESCUELA EP NRO3,LIBERTAD 790,MERLO (PARTE),652,11
33,ESCUELA EP NRO3,LIBERTAD 790,MERLO (PARTE),652,11
34,ESCUELA EP NRO3,LIBERTAD 790,MERLO (PARTE),652,11
35,ESCUELA EP NRO3,LIBERTAD 790,MERLO (PARTE),652,11
36,ESCUELA EP NRO3,LIBERTAD 790,MERLO (PARTE),652,11
37,ESCUELA EP NRO3,LIBERTAD 790,MERLO (PARTE),652,11
38,ESCUELA EP NRO3,LIBERTAD 790,MERLO (PARTE),652,11
39,ESCUELA EP NRO3,LIBERTAD 790,MERLO (PARTE),652,11
40,ESCUELA EP NRO8,RODRIGUEZ PEÑA 145,MERLO (PARTE),652,13
41,ESCUELA EP NRO8,RODRIGUEZ PEÑA 145,MERLO (PARTE),652,13
42,ESCUELA EP NRO8,RODRIGUEZ PEÑA 145,MERLO (PARTE),652,13
43,ESCUELA EP NRO8,RODRIGUEZ PEÑA 145,MERLO (PARTE),652,13
44,ESCUELA EP NRO8,RODRIGUEZ PEÑA 145,MERLO (PARTE),652,13
45,ESCUELA EP NRO8,RODRIGUEZ PEÑA 145,MERLO (PARTE),652,13
46,ESCUELA EP NRO8,RODRIGUEZ PEÑA 145,MERLO (PARTE),652,13
47,ESCUELA EP NRO8,RODRIGUEZ PEÑA 145,MERLO (PARTE),652,13
48,ESCUELA EP NRO8,RODRIGUEZ PEÑA 145,MERLO (PARTE),652,13
49,ESCUELA EP NRO8,RODRIGUEZ PEÑA 145,MERLO (PARTE),652,13
50,ESCUELA EP NRO8,RODRIGUEZ PEÑA 145,MERLO (PARTE),652,13
51,ESCUELA EP NRO8,RODRIGUEZ PEÑA 145,MERLO (PARTE),652,13
52,ESCUELA EP NRO8,RODRIGUEZ PEÑA 145,MERLO (PARTE),652,13
53,ESCUELA DE ORIENTACION,JUAN M.DE ROSAS 1165,MERLO (PARTE),652,5
54,ESCUELA DE ORIENTACION,JUAN M.DE ROSAS 1165,MERLO (PARTE),652,5
55,ESCUELA DE ORIENTACION,JUAN M.DE ROSAS 1165,MERLO (PARTE),652,5
56,ESCUELA DE ORIENTACION,JUAN M.DE ROSAS 1165,MERLO (PARTE),652,5
57,ESCUELA DE ORIENTACION,JUAN M.DE ROSAS 1165,MERLO (PARTE),652,5
58,ESCUELA ES NRO17,AV.LIB.GRAL SAN MARTIN 472,MERLO (PARTE),652,9
59,ESCUELA ES NRO17,AV.LIB.GRAL SAN MARTIN 472,MERLO (PARTE),652,9
60,ESCUELA ES NRO17,AV.LIB.GRAL SAN MARTIN 472,MERLO (PARTE),652,9
61,ESCUELA ES NRO17,AV.LIB.GRAL SAN MARTIN 472,MERLO (PARTE),652,9
62,ESCUELA ES NRO17,AV.LIB.GRAL SAN MARTIN 472,MERLO (PARTE),652,9
63,ESCUELA ES NRO17,AV.LIB.GRAL SAN MARTIN 472,MERLO (PARTE),652,9
64,ESCUELA ES NRO17,AV.LIB.GRAL SAN MARTIN 472,MERLO (PARTE),652,9
65,ESCUELA ES NRO17,AV.LIB.GRAL SAN MARTIN 472,MERLO (PARTE),652,9
66,ESCUELA ES NRO17,AV.LIB.GRAL SAN MARTIN 472,MERLO (PARTE),652,9
67,ESCUELA EP NRO36,SULLIVAN 1200,MERLO,652,6
68,ESCUELA EP NRO36,SULLIVAN 1200,MERLO,652,6
69,ESCUELA EP NRO36,SULLIVAN 1200,MERLO,652,6
70,ESCUELA EP NRO36,SULLIVAN 1200,MERLO,652,6
71,ESCUELA EP NRO36,SULLIVAN 1200,MERLO,652,6
72,ESCUELA EP NRO36,SULLIVAN 1200,MERLO,652,6
73,INST.FUNDADOR FCO.DE MERLO,25 DE MAYO 1225,MERLO (PARTE),652,8
74,INST.FUNDADOR FCO.DE MERLO,25 DE MAYO 1225,MERLO (PARTE),652,8
75,INST.FUNDADOR FCO.DE MERLO,25 DE MAYO 1225,MERLO (PARTE),652,8
76,INST.FUNDADOR FCO.DE MERLO,25 DE MAYO 1225,MERLO (PARTE),652,8
77,INST.FUNDADOR FCO.DE MERLO,25 DE MAYO 1225,MERLO (PARTE),652,8
78,INST.FUNDADOR FCO.DE MERLO,25 DE MAYO 1225,MERLO (PARTE),652,8
79,INST.FUNDADOR FCO.DE MERLO,25 DE MAYO 1225,MERLO (PARTE),652,8
80,INST.FUNDADOR FCO.DE MERLO,25 DE MAYO 1225,MERLO (PARTE),652,8
81,ESCUELA ES NRO9,AV.ALEM 1588,MERLO (PARTE),652,8
82,ESCUELA ES NRO9,AV.ALEM 1588,MERLO (PARTE),652,8
83,ESCUELA ES NRO9,AV.ALEM 1588,MERLO (PARTE),652,8
84,ESCUELA ES NRO9,AV.ALEM 1588,MERLO (PARTE),652,8
85,ESCUELA ES NRO9,AV.ALEM 1588,MERLO (PARTE),652,8
86,ESCUELA ES NRO9,AV.ALEM 1588,MERLO (PARTE),652,8
87,ESCUELA ES NRO9,AV.ALEM 1588,MERLO (PARTE),652,8
88,ESCUELA ES NRO9,AV.ALEM 1588,MERLO (PARTE),652,8
89,ESCUELA EP NRO48/ES NRO27,RODIN Y GALENO,MERLO (PARTE),652,8
90,ESCUELA EP NRO48/ES NRO27,RODIN Y GALENO,MERLO (PARTE),652,8
91,ESCUELA EP NRO48/ES NRO27,RODIN Y GALENO,MERLO (PARTE),652,8
92,ESCUELA EP NRO48/ES NRO27,RODIN Y GALENO,MERLO (PARTE),652,8
93,ESCUELA EP NRO48/ES NRO27,RODIN Y GALENO,MERLO (PARTE),652,8
94,ESCUELA EP NRO48/ES NRO27,RODIN Y GALENO,MERLO (PARTE),652,8
95,ESCUELA EP NRO48/ES NRO27,RODIN Y GALENO,MERLO (PARTE),652,8
96,ESCUELA EP NRO48/ES NRO27,RODIN Y GALENO,MERLO (PARTE),652,8
97,INST.MODERNO DE EDUC.INTEGRAL,CASTRO BARROS 223,MERLO (PARTE),652,5
98,INST.MODERNO DE EDUC.INTEGRAL,CASTRO BARROS 223,MERLO (PARTE),652,5
99,INST.MODERNO DE EDUC.INTEGRAL,CASTRO BARROS 223,MERLO (PARTE),652,5
100,INST.MODERNO DE EDUC.INTEGRAL,CASTRO BARROS 223,MERLO (PARTE),652,5
101,INST.MODERNO DE EDUC.INTEGRAL,CASTRO BARROS 223,MERLO (PARTE),652,5
102,ESCUELA EP NRO44,SAN JUAN 1150,PADUA NORTE,652,7
103,ESCUELA EP NRO44,SAN JUAN 1150,PADUA NORTE,652,7
104,ESCUELA EP NRO44,SAN JUAN 1150,PADUA NORTE,652,7
105,ESCUELA EP NRO44,SAN JUAN 1150,PADUA NORTE,652,7
106,ESCUELA EP NRO44,SAN JUAN 1150,PADUA NORTE,652,7
107,ESCUELA EP NRO44,SAN JUAN 1150,PADUA NORTE,652,7
108,ESCUELA EP NRO44,SAN JUAN 1150,PADUA NORTE,652,7
109,ESCUELA EP NRO14,BRASIL 1670 Y MEDRANO,MERLO (PARTE),652,9
110,ESCUELA EP NRO14,BRASIL 1670 Y MEDRANO,MERLO (PARTE),652,9
111,ESCUELA EP NRO14,BRASIL 1670 Y MEDRANO,MERLO (PARTE),652,9
112,ESCUELA EP NRO14,BRASIL 1670 Y MEDRANO,MERLO (PARTE),652,9
113,ESCUELA EP NRO14,BRASIL 1670 Y MEDRANO,MERLO (PARTE),652,9
114,ESCUELA EP NRO14,BRASIL 1670 Y MEDRANO,MERLO (PARTE),652,9
115,ESCUELA EP NRO14,BRASIL 1670 Y MEDRANO,MERLO (PARTE),652,9
116,ESCUELA EP NRO14,BRASIL 1670 Y MEDRANO,MERLO (PARTE),652,9
117,ESCUELA EP NRO14,BRASIL 1670 Y MEDRANO,MERLO (PARTE),652,9
118,ESCUELA EP NRO33,PERDRIEL 2545,MERLO (PARTE),652,12
119,ESCUELA EP NRO33,PERDRIEL 2545,MERLO (PARTE),652,12
120,ESCUELA EP NRO33,PERDRIEL 2545,MERLO (PARTE),652,12
121,ESCUELA EP NRO33,PERDRIEL 2545,MERLO (PARTE),652,12
122,ESCUELA EP NRO33,PERDRIEL 2545,MERLO (PARTE),652,12
123,ESCUELA EP NRO33,PERDRIEL 2545,MERLO (PARTE),652,12
124,ESCUELA EP NRO33,PERDRIEL 2545,MERLO (PARTE),652,12
125,ESCUELA EP NRO33,PERDRIEL 2545,MERLO (PARTE),652,12
126,ESCUELA EP NRO33,PERDRIEL 2545,MERLO (PARTE),652,12
127,ESCUELA EP NRO33,PERDRIEL 2545,MERLO (PARTE),652,12
128,ESCUELA EP NRO33,PERDRIEL 2545,MERLO (PARTE),652,12
129,ESCUELA EP NRO33,PERDRIEL 2545,MERLO (PARTE),652,12
130,ESCUELA EP NRO38,SERRANO 1702,MERLO (PARTE),652,6
131,ESCUELA EP NRO38,SERRANO 1702,MERLO (PARTE),652,6
132,ESCUELA EP NRO38,SERRANO 1702,MERLO (PARTE),652,6
133,ESCUELA EP NRO38,SERRANO 1702,MERLO (PARTE),652,6
134,ESCUELA EP NRO38,SERRANO 1702,MERLO (PARTE),652,6
135,ESCUELA EP NRO38,SERRANO 1702,MERLO (PARTE),652,6
136,ESCUELA ET NRO1,REAL 161,MERLO (PARTE),652,7
137,ESCUELA ET NRO1,REAL 161,MERLO (PARTE),652,7
138,ESCUELA ET NRO1,REAL 161,MERLO (PARTE),652,7
139,ESCUELA ET NRO1,REAL 161,MERLO (PARTE),652,7
140,ESCUELA ET NRO1,REAL 161,MERLO (PARTE),652,7
141,ESCUELA ET NRO1,REAL 161,MERLO (PARTE),652,7
142,ESCUELA ET NRO1,REAL 161,MERLO (PARTE),652,7
143,ESCUELA ES NRO16,J.M.DE ROSAS Y JUJUY,MERLO (PARTE),652,10
144,ESCUELA ES NRO16,J.M.DE ROSAS Y JUJUY,MERLO (PARTE),652,10
145,ESCUELA ES NRO16,J.M.DE ROSAS Y JUJUY,MERLO (PARTE),652,10
146,ESCUELA ES NRO16,J.M.DE ROSAS Y JUJUY,MERLO (PARTE),652,10
147,ESCUELA ES NRO16,J.M.DE ROSAS Y JUJUY,MERLO (PARTE),652,10
148,ESCUELA ES NRO16,J.M.DE ROSAS Y JUJUY,MERLO (PARTE),652,10
149,ESCUELA ES NRO16,J.M.DE ROSAS Y JUJUY,MERLO (PARTE),652,10
150,ESCUELA ES NRO16,J.M.DE ROSAS Y JUJUY,MERLO (PARTE),652,10
151,ESCUELA ES NRO16,J.M.DE ROSAS Y JUJUY,MERLO (PARTE),652,10
152,ESCUELA ES NRO16,J.M.DE ROSAS Y JUJUY,MERLO (PARTE),652,10
153,ESCUELA ET NRO2,INDEPENDENCIA Y ALSINA,MERLO (PARTE),652,11
154,ESCUELA ET NRO2,INDEPENDENCIA Y ALSINA,MERLO (PARTE),652,11
155,ESCUELA ET NRO2,INDEPENDENCIA Y ALSINA,MERLO (PARTE),652,11
156,ESCUELA ET NRO2,INDEPENDENCIA Y ALSINA,MERLO (PARTE),652,11
157,ESCUELA ET NRO2,INDEPENDENCIA Y ALSINA,MERLO (PARTE),652,11
158,ESCUELA ET NRO2,INDEPENDENCIA Y ALSINA,MERLO (PARTE),652,11
159,ESCUELA ET NRO2,INDEPENDENCIA Y ALSINA,MERLO (PARTE),652,11
160,ESCUELA ET NRO2,INDEPENDENCIA Y ALSINA,MERLO (PARTE),652,11
161,ESCUELA ET NRO2,INDEPENDENCIA Y ALSINA,MERLO (PARTE),652,11
162,ESCUELA ET NRO2,INDEPENDENCIA Y ALSINA,MERLO (PARTE),652,11
163,ESCUELA ET NRO2,INDEPENDENCIA Y ALSINA,MERLO (PARTE),652,11
164,ESCUELA ES NRO3,HERITIER E/FENTANE-VIGILANTE,MERLO,652,6
165,ESCUELA ES NRO3,HERITIER E/FENTANE-VIGILANTE,MERLO,652,6
166,ESCUELA ES NRO3,HERITIER E/FENTANE-VIGILANTE,MERLO,652,6
167,ESCUELA ES NRO3,HERITIER E/FENTANE-VIGILANTE,MERLO,652,6
168,ESCUELA ES NRO3,HERITIER E/FENTANE-VIGILANTE,MERLO,652,6
169,ESCUELA ES NRO3,HERITIER E/FENTANE-VIGILANTE,MERLO,652,6
170,ESCUELA POLIMODAL NRO13,RODRIGUEZ 5200,BROMATERA,652,10
171,ESCUELA POLIMODAL NRO13,RODRIGUEZ 5200,BROMATERA,652,10
172,ESCUELA POLIMODAL NRO13,RODRIGUEZ 5200,BROMATERA,652,10
173,ESCUELA POLIMODAL NRO13,RODRIGUEZ 5200,BROMATERA,652,10
174,ESCUELA POLIMODAL NRO13,RODRIGUEZ 5200,BROMATERA,652,10
175,ESCUELA POLIMODAL NRO13,RODRIGUEZ 5200,BROMATERA,652,10
176,ESCUELA POLIMODAL NRO13,RODRIGUEZ 5200,BROMATERA,652,10
177,ESCUELA POLIMODAL NRO13,RODRIGUEZ 5200,BROMATERA,652,10
178,ESCUELA POLIMODAL NRO13,RODRIGUEZ 5200,BROMATERA,652,10
179,ESCUELA POLIMODAL NRO13,RODRIGUEZ 5200,BROMATERA,652,10
180,INSTITUTO MANUEL DORREGO,MURRAY 1177,BROPQUE.SAN MARTIN,652,6
181,INSTITUTO MANUEL DORREGO,MURRAY 1177,BROPQUE.SAN MARTIN,652,6
182,INSTITUTO MANUEL DORREGO,MURRAY 1177,BROPQUE.SAN MARTIN,652,6
183,INSTITUTO MANUEL DORREGO,MURRAY 1177,BROPQUE.SAN MARTIN,652,6
184,INSTITUTO MANUEL DORREGO,MURRAY 1177,BROPQUE.SAN MARTIN,652,6
185,INSTITUTO MANUEL DORREGO,MURRAY 1177,BROPQUE.SAN MARTIN,652,6
186,ESCUELA ET NRO4,FLEMING 4133,BROPQUE.SAN MARTIN,652,9
187,ESCUELA ET NRO4,FLEMING 4133,BROPQUE.SAN MARTIN,652,9
188,ESCUELA ET NRO4,FLEMING 4133,BROPQUE.SAN MARTIN,652,9
189,ESCUELA ET NRO4,FLEMING 4133,BROPQUE.SAN MARTIN,652,9
190,ESCUELA ET NRO4,FLEMING 4133,BROPQUE.SAN MARTIN,652,9
191,ESCUELA ET NRO4,FLEMING 4133,BROPQUE.SAN MARTIN,652,9
192,ESCUELA ET NRO4,FLEMING 4133,BROPQUE.SAN MARTIN,652,9
193,ESCUELA ET NRO4,FLEMING 4133,BROPQUE.SAN MARTIN,652,9
194,ESCUELA ET NRO4,FLEMING 4133,BROPQUE.SAN MARTIN,652,9
195,ESCUELA EP NRO13,FILIBERTO E/BRUNET Y TARIJA,BRO POMPEYA,652,10
196,ESCUELA EP NRO13,FILIBERTO E/BRUNET Y TARIJA,BRO POMPEYA,652,10
197,ESCUELA EP NRO13,FILIBERTO E/BRUNET Y TARIJA,BRO POMPEYA,652,10
198,ESCUELA EP NRO13,FILIBERTO E/BRUNET Y TARIJA,BRO POMPEYA,652,10
199,ESCUELA EP NRO13,FILIBERTO E/BRUNET Y TARIJA,BRO POMPEYA,652,10
200,ESCUELA EP NRO13,FILIBERTO E/BRUNET Y TARIJA,BRO POMPEYA,652,10
201,ESCUELA EP NRO13,FILIBERTO E/BRUNET Y TARIJA,BRO POMPEYA,652,10
202,ESCUELA EP NRO13,FILIBERTO E/BRUNET Y TARIJA,BRO POMPEYA,652,10
203,ESCUELA EP NRO13,FILIBERTO E/BRUNET Y TARIJA,BRO POMPEYA,652,10
204,ESCUELA EP NRO13,FILIBERTO E/BRUNET Y TARIJA,BRO POMPEYA,652,10
205,ESCUELA EP NRO26/ES NRO31,J.MARTI E/CACHEUTA-MADARIAGA,BRO LOMA FLORIDA,652,11
206,ESCUELA EP NRO26/ES NRO31,J.MARTI E/CACHEUTA-MADARIAGA,BRO LOMA FLORIDA,652,11
207,ESCUELA EP NRO26/ES NRO31,J.MARTI E/CACHEUTA-MADARIAGA,BRO LOMA FLORIDA,652,11
208,ESCUELA EP NRO26/ES NRO31,J.MARTI E/CACHEUTA-MADARIAGA,BRO LOMA FLORIDA,652,11
209,ESCUELA EP NRO26/ES NRO31,J.MARTI E/CACHEUTA-MADARIAGA,BRO LOMA FLORIDA,652,11
210,ESCUELA EP NRO26/ES NRO31,J.MARTI E/CACHEUTA-MADARIAGA,BRO LOMA FLORIDA,652,11
211,ESCUELA EP NRO26/ES NRO31,J.MARTI E/CACHEUTA-MADARIAGA,BRO LOMA FLORIDA,652,11
212,ESCUELA EP NRO26/ES NRO31,J.MARTI E/CACHEUTA-MADARIAGA,BRO LOMA FLORIDA,652,11
213,ESCUELA EP NRO26/ES NRO31,J.MARTI E/CACHEUTA-MADARIAGA,BRO LOMA FLORIDA,652,11
214,ESCUELA EP NRO26/ES NRO31,J.MARTI E/CACHEUTA-MADARIAGA,BRO LOMA FLORIDA,652,11
215,ESCUELA EP NRO26/ES NRO31,J.MARTI E/CACHEUTA-MADARIAGA,BRO LOMA FLORIDA,652,11
216,ESCUELA EP NRO41,CHAPERROUGE 550,BROPQUE.SAN MARTIN,652,9
217,ESCUELA EP NRO41,CHAPERROUGE 550,BROPQUE.SAN MARTIN,652,9
218,ESCUELA EP NRO41,CHAPERROUGE 550,BROPQUE.SAN MARTIN,652,9
219,ESCUELA EP NRO41,CHAPERROUGE 550,BROPQUE.SAN MARTIN,652,9
220,ESCUELA EP NRO41,CHAPERROUGE 550,BROPQUE.SAN MARTIN,652,9
221,ESCUELA EP NRO41,CHAPERROUGE 550,BROPQUE.SAN MARTIN,652,9
222,ESCUELA EP NRO41,CHAPERROUGE 550,BROPQUE.SAN MARTIN,652,9
223,ESCUELA EP NRO41,CHAPERROUGE 550,BROPQUE.SAN MARTIN,652,9
224,ESCUELA EP NRO41,CHAPERROUGE 550,BROPQUE.SAN MARTIN,652,9
225,INST.PARROQ.NTRA.SRA.DE FATIMA,MURRAY 711,BROPQUE.SAN MARTIN,652,8
226,INST.PARROQ.NTRA.SRA.DE FATIMA,MURRAY 711,BROPQUE.SAN MARTIN,652,8
227,INST.PARROQ.NTRA.SRA.DE FATIMA,MURRAY 711,BROPQUE.SAN MARTIN,652,8
228,INST.PARROQ.NTRA.SRA.DE FATIMA,MURRAY 711,BROPQUE.SAN MARTIN,652,8
229,INST.PARROQ.NTRA.SRA.DE FATIMA,MURRAY 711,BROPQUE.SAN MARTIN,652,8
230,INST.PARROQ.NTRA.SRA.DE FATIMA,MURRAY 711,BROPQUE.SAN MARTIN,652,8
231,INST.PARROQ.NTRA.SRA.DE FATIMA,MURRAY 711,BROPQUE.SAN MARTIN,652,8
232,INST.PARROQ.NTRA.SRA.DE FATIMA,MURRAY 711,BROPQUE.SAN MARTIN,652,8
233,ESCUELA EP NRO24,BACH 2865,BRO LOMA GRANDE,652,6
234,ESCUELA EP NRO24,BACH 2865,BRO LOMA GRANDE,652,6
235,ESCUELA EP NRO24,BACH 2865,BRO LOMA GRANDE,652,6
236,ESCUELA EP NRO24,BACH 2865,BRO LOMA GRANDE,652,6
237,ESCUELA EP NRO24,BACH 2865,BRO LOMA GRANDE,652,6
238,ESCUELA EP NRO24,BACH 2865,BRO LOMA GRANDE,652,6
239,ESCUELA EP NRO50,DALTON E/FRAGA Y CHAGAS,BRO ARCO IRIS,652,9
240,ESCUELA EP NRO50,DALTON E/FRAGA Y CHAGAS,BRO ARCO IRIS,652,9
241,ESCUELA EP NRO50,DALTON E/FRAGA Y CHAGAS,BRO ARCO IRIS,652,9
242,ESCUELA EP NRO50,DALTON E/FRAGA Y CHAGAS,BRO ARCO IRIS,652,9
243,ESCUELA EP NRO50,DALTON E/FRAGA Y CHAGAS,BRO ARCO IRIS,652,9
244,ESCUELA EP NRO50,DALTON E/FRAGA Y CHAGAS,BRO ARCO IRIS,652,9
245,ESCUELA EP NRO50,DALTON E/FRAGA Y CHAGAS,BRO ARCO IRIS,652,9
246,ESCUELA EP NRO50,DALTON E/FRAGA Y CHAGAS,BRO ARCO IRIS,652,9
247,ESCUELA EP NRO50,DALTON E/FRAGA Y CHAGAS,BRO ARCO IRIS,652,9
248,ESCUELA ES NRO47,CHAGAS E/FRAGA Y FILIBERTO,BRO ARCO IRIS,652,6
249,ESCUELA ES NRO47,CHAGAS E/FRAGA Y FILIBERTO,BRO ARCO IRIS,652,6
250,ESCUELA ES NRO47,CHAGAS E/FRAGA Y FILIBERTO,BRO ARCO IRIS,652,6
251,ESCUELA ES NRO47,CHAGAS E/FRAGA Y FILIBERTO,BRO ARCO IRIS,652,6
252,ESCUELA ES NRO47,CHAGAS E/FRAGA Y FILIBERTO,BRO ARCO IRIS,652,6
253,ESCUELA ES NRO47,CHAGAS E/FRAGA Y FILIBERTO,BRO ARCO IRIS,652,6
254,ESCUELA NUESTRA SRA.DE ITATI,ECHEVERRY Y 25 DE MAYO,BROPQUE.SAN MARTIN,652,10
255,ESCUELA NUESTRA SRA.DE ITATI,ECHEVERRY Y 25 DE MAYO,BROPQUE.SAN MARTIN,652,10
256,ESCUELA NUESTRA SRA.DE ITATI,ECHEVERRY Y 25 DE MAYO,BROPQUE.SAN MARTIN,652,10
257,ESCUELA NUESTRA SRA.DE ITATI,ECHEVERRY Y 25 DE MAYO,BROPQUE.SAN MARTIN,652,10
258,ESCUELA NUESTRA SRA.DE ITATI,ECHEVERRY Y 25 DE MAYO,BROPQUE.SAN MARTIN,652,10
259,ESCUELA NUESTRA SRA.DE ITATI,ECHEVERRY Y 25 DE MAYO,BROPQUE.SAN MARTIN,652,10
260,ESCUELA NUESTRA SRA.DE ITATI,ECHEVERRY Y 25 DE MAYO,BROPQUE.SAN MARTIN,652,10
261,ESCUELA NUESTRA SRA.DE ITATI,ECHEVERRY Y 25 DE MAYO,BROPQUE.SAN MARTIN,652,10
262,ESCUELA NUESTRA SRA.DE ITATI,ECHEVERRY Y 25 DE MAYO,BROPQUE.SAN MARTIN,652,10
263,ESCUELA NUESTRA SRA.DE ITATI,ECHEVERRY Y 25 DE MAYO,BROPQUE.SAN MARTIN,652,10
264,ESCUELA EP NRO30,PAGOLA 795 ESQ.BALBASTRO,BROPQUE.SAN MARTIN,652,12
265,ESCUELA EP NRO30,PAGOLA 795 ESQ.BALBASTRO,BROPQUE.SAN MARTIN,652,12
266,ESCUELA EP NRO30,PAGOLA 795 ESQ.BALBASTRO,BROPQUE.SAN MARTIN,652,12
267,ESCUELA EP NRO30,PAGOLA 795 ESQ.BALBASTRO,BROPQUE.SAN MARTIN,652,12
268,ESCUELA EP NRO30,PAGOLA 795 ESQ.BALBASTRO,BROPQUE.SAN MARTIN,652,12
269,ESCUELA EP NRO30,PAGOLA 795 ESQ.BALBASTRO,BROPQUE.SAN MARTIN,652,12
270,ESCUELA EP NRO30,PAGOLA 795 ESQ.BALBASTRO,BROPQUE.SAN MARTIN,652,12
271,ESCUELA EP NRO30,PAGOLA 795 ESQ.BALBASTRO,BROPQUE.SAN MARTIN,652,12
272,ESCUELA EP NRO30,PAGOLA 795 ESQ.BALBASTRO,BROPQUE.SAN MARTIN,652,12
273,ESCUELA EP NRO30,PAGOLA 795 ESQ.BALBASTRO,BROPQUE.SAN MARTIN,652,12
274,ESCUELA EP NRO30,PAGOLA 795 ESQ.BALBASTRO,BROPQUE.SAN MARTIN,652,12
275,ESCUELA EP NRO30,PAGOLA 795 ESQ.BALBASTRO,BROPQUE.SAN MARTIN,652,12
276,ESCUELA EP NRO25,FRAGA ESQ.VILLAFAÑE,BROSAN EDUARDO,652,12
277,ESCUELA EP NRO25,FRAGA ESQ.VILLAFAÑE,BROSAN EDUARDO,652,12
278,ESCUELA EP NRO25,FRAGA ESQ.VILLAFAÑE,BROSAN EDUARDO,652,12
279,ESCUELA EP NRO25,FRAGA ESQ.VILLAFAÑE,BROSAN EDUARDO,652,12
280,ESCUELA EP NRO25,FRAGA ESQ.VILLAFAÑE,BROSAN EDUARDO,652,12
281,ESCUELA EP NRO25,FRAGA ESQ.VILLAFAÑE,BROSAN EDUARDO,652,12
282,ESCUELA EP NRO25,FRAGA ESQ.VILLAFAÑE,BROSAN EDUARDO,652,12
283,ESCUELA EP NRO25,FRAGA ESQ.VILLAFAÑE,BROSAN EDUARDO,652,12
284,ESCUELA EP NRO25,FRAGA ESQ.VILLAFAÑE,BROSAN EDUARDO,652,12
285,ESCUELA EP NRO25,FRAGA ESQ.VILLAFAÑE,BROSAN EDUARDO,652,12
286,ESCUELA EP NRO25,FRAGA ESQ.VILLAFAÑE,BROSAN EDUARDO,652,12
287,ESCUELA EP NRO25,FRAGA ESQ.VILLAFAÑE,BROSAN EDUARDO,652,12
288,ESCUELA EP NRO17,AV.SAN MARTIN 4400,BROPQUE.SAN MARTIN,652,14
289,ESCUELA EP NRO17,AV.SAN MARTIN 4400,BROPQUE.SAN MARTIN,652,14
290,ESCUELA EP NRO17,AV.SAN MARTIN 4400,BROPQUE.SAN MARTIN,652,14
291,ESCUELA EP NRO17,AV.SAN MARTIN 4400,BROPQUE.SAN MARTIN,652,14
292,ESCUELA EP NRO17,AV.SAN MARTIN 4400,BROPQUE.SAN MARTIN,652,14
293,ESCUELA EP NRO17,AV.SAN MARTIN 4400,BROPQUE.SAN MARTIN,652,14
294,ESCUELA EP NRO17,AV.SAN MARTIN 4400,BROPQUE.SAN MARTIN,652,14
295,ESCUELA EP NRO17,AV.SAN MARTIN 4400,BROPQUE.SAN MARTIN,652,14
296,ESCUELA EP NRO17,AV.SAN MARTIN 4400,BROPQUE.SAN MARTIN,652,14
297,ESCUELA EP NRO17,AV.SAN MARTIN 4400,BROPQUE.SAN MARTIN,652,14
298,ESCUELA EP NRO17,AV.SAN MARTIN 4400,BROPQUE.SAN MARTIN,652,14
299,ESCUELA EP NRO17,AV.SAN MARTIN 4400,BROPQUE.SAN MARTIN,652,14
300,ESCUELA EP NRO17,AV.SAN MARTIN 4400,BROPQUE.SAN MARTIN,652,14
301,ESCUELA EP NRO17,AV.SAN MARTIN 4400,BROPQUE.SAN MARTIN,652,14
302,ESCUELA EP NRO23,BERMEJO 61,BROPQUE.SAN MARTIN,652,10
303,ESCUELA EP NRO23,BERMEJO 61,BROPQUE.SAN MARTIN,652,10
304,ESCUELA EP NRO23,BERMEJO 61,BROPQUE.SAN MARTIN,652,10
305,ESCUELA EP NRO23,BERMEJO 61,BROPQUE.SAN MARTIN,652,10
306,ESCUELA EP NRO23,BERMEJO 61,BROPQUE.SAN MARTIN,652,10
307,ESCUELA EP NRO23,BERMEJO 61,BROPQUE.SAN MARTIN,652,10
308,ESCUELA EP NRO23,BERMEJO 61,BROPQUE.SAN MARTIN,652,10
309,ESCUELA EP NRO23,BERMEJO 61,BROPQUE.SAN MARTIN,652,10
310,ESCUELA EP NRO23,BERMEJO 61,BROPQUE.SAN MARTIN,652,10
311,ESCUELA EP NRO23,BERMEJO 61,BROPQUE.SAN MARTIN,652,10
312,ESCUELA ES NRO1,BERMEJO 3520,LIBERTAD,652,5
313,ESCUELA ES NRO1,BERMEJO 3520,LIBERTAD,652,5
314,ESCUELA ES NRO1,BERMEJO 3520,LIBERTAD,652,5
315,ESCUELA ES NRO1,BERMEJO 3520,LIBERTAD,652,5
316,ESCUELA ES NRO1,BERMEJO 3520,LIBERTAD,652,5
317,ESCUELA EP NRO11/ES NRO5,TORRENT E/CUENCA-BARILOCHE,BROPQUE.SAN MARTIN,652,10
318,ESCUELA EP NRO11/ES NRO5,TORRENT E/CUENCA-BARILOCHE,BROPQUE.SAN MARTIN,652,10
319,ESCUELA EP NRO11/ES NRO5,TORRENT E/CUENCA-BARILOCHE,BROPQUE.SAN MARTIN,652,10
320,ESCUELA EP NRO11/ES NRO5,TORRENT E/CUENCA-BARILOCHE,BROPQUE.SAN MARTIN,652,10
321,ESCUELA EP NRO11/ES NRO5,TORRENT E/CUENCA-BARILOCHE,BROPQUE.SAN MARTIN,652,10
322,ESCUELA EP NRO11/ES NRO5,TORRENT E/CUENCA-BARILOCHE,BROPQUE.SAN MARTIN,652,10
323,ESCUELA EP NRO11/ES NRO5,TORRENT E/CUENCA-BARILOCHE,BROPQUE.SAN MARTIN,652,10
324,ESCUELA EP NRO11/ES NRO5,TORRENT E/CUENCA-BARILOCHE,BROPQUE.SAN MARTIN,652,10
325,ESCUELA EP NRO11/ES NRO5,TORRENT E/CUENCA-BARILOCHE,BROPQUE.SAN MARTIN,652,10
326,ESCUELA EP NRO11/ES NRO5,TORRENT E/CUENCA-BARILOCHE,BROPQUE.SAN MARTIN,652,10
327,ESCUELA EP NRO69,CAAGUAZU 1124,BROPQUE.SAN MARTIN,652,10
328,ESCUELA EP NRO69,CAAGUAZU 1124,BROPQUE.SAN MARTIN,652,10
329,ESCUELA EP NRO69,CAAGUAZU 1124,BROPQUE.SAN MARTIN,652,10
330,ESCUELA EP NRO69,CAAGUAZU 1124,BROPQUE.SAN MARTIN,652,10
331,ESCUELA EP NRO69,CAAGUAZU 1124,BROPQUE.SAN MARTIN,652,10
332,ESCUELA EP NRO69,CAAGUAZU 1124,BROPQUE.SAN MARTIN,652,10
333,ESCUELA EP NRO69,CAAGUAZU 1124,BROPQUE.SAN MARTIN,652,10
334,ESCUELA EP NRO69,CAAGUAZU 1124,BROPQUE.SAN MARTIN,652,10
335,ESCUELA EP NRO69,CAAGUAZU 1124,BROPQUE.SAN MARTIN,652,10
336,ESCUELA EP NRO69,CAAGUAZU 1124,BROPQUE.SAN MARTIN,652,10
337,ESCUELA EP NRO34,EIFFEL E/MORSE Y L.M.CAMPOS,ALTOS DE MERLO,652,9
338,ESCUELA EP NRO34,EIFFEL E/MORSE Y L.M.CAMPOS,ALTOS DE MERLO,652,9
339,ESCUELA EP NRO34,EIFFEL E/MORSE Y L.M.CAMPOS,ALTOS DE MERLO,652,9
340,ESCUELA EP NRO34,EIFFEL E/MORSE Y L.M.CAMPOS,ALTOS DE MERLO,652,9
341,ESCUELA EP NRO34,EIFFEL E/MORSE Y L.M.CAMPOS,ALTOS DE MERLO,652,9
342,ESCUELA EP NRO34,EIFFEL E/MORSE Y L.M.CAMPOS,ALTOS DE MERLO,652,9
343,ESCUELA EP NRO34,EIFFEL E/MORSE Y L.M.CAMPOS,ALTOS DE MERLO,652,9
344,ESCUELA EP NRO34,EIFFEL E/MORSE Y L.M.CAMPOS,ALTOS DE MERLO,652,9
345,ESCUELA EP NRO34,EIFFEL E/MORSE Y L.M.CAMPOS,ALTOS DE MERLO,652,9
346,ESCUELA EP NRO31,BENAVENTE 1373,BROTOBAL,652,9
347,ESCUELA EP NRO31,BENAVENTE 1373,BROTOBAL,652,9
348,ESCUELA EP NRO31,BENAVENTE 1373,BROTOBAL,652,9
349,ESCUELA EP NRO31,BENAVENTE 1373,BROTOBAL,652,9
350,ESCUELA EP NRO31,BENAVENTE 1373,BROTOBAL,652,9
351,ESCUELA EP NRO31,BENAVENTE 1373,BROTOBAL,652,9
352,ESCUELA EP NRO31,BENAVENTE 1373,BROTOBAL,652,9
353,ESCUELA EP NRO31,BENAVENTE 1373,BROTOBAL,652,9
354,ESCUELA EP NRO31,BENAVENTE 1373,BROTOBAL,652,9
355,ESCUELA EP NRO66,BACH E/R.FREIRE Y NERVO,BRO CARDENAL SAMORE,652,13
356,ESCUELA EP NRO66,BACH E/R.FREIRE Y NERVO,BRO CARDENAL SAMORE,652,13
357,ESCUELA EP NRO66,BACH E/R.FREIRE Y NERVO,BRO CARDENAL SAMORE,652,13
358,ESCUELA EP NRO66,BACH E/R.FREIRE Y NERVO,BRO CARDENAL SAMORE,652,13
359,ESCUELA EP NRO66,BACH E/R.FREIRE Y NERVO,BRO CARDENAL SAMORE,652,13
360,ESCUELA EP NRO66,BACH E/R.FREIRE Y NERVO,BRO CARDENAL SAMORE,652,13
361,ESCUELA EP NRO66,BACH E/R.FREIRE Y NERVO,BRO CARDENAL SAMORE,652,13
362,ESCUELA EP NRO66,BACH E/R.FREIRE Y NERVO,BRO CARDENAL SAMORE,652,13
363,ESCUELA EP NRO66,BACH E/R.FREIRE Y NERVO,BRO CARDENAL SAMORE,652,13
364,ESCUELA EP NRO66,BACH E/R.FREIRE Y NERVO,BRO CARDENAL SAMORE,652,13
365,ESCUELA EP NRO66,BACH E/R.FREIRE Y NERVO,BRO CARDENAL SAMORE,652,13
366,ESCUELA EP NRO66,BACH E/R.FREIRE Y NERVO,BRO CARDENAL SAMORE,652,13
367,ESCUELA EP NRO66,BACH E/R.FREIRE Y NERVO,BRO CARDENAL SAMORE,652,13
368,ESCUELA EP NRO12,25 DE MAYO/BALBASTRO-LAGOMARSI,BROPQUE.SAN MARTIN,652,15
369,ESCUELA EP NRO12,25 DE MAYO/BALBASTRO-LAGOMARSI,BROPQUE.SAN MARTIN,652,15
370,ESCUELA EP NRO12,25 DE MAYO/BALBASTRO-LAGOMARSI,BROPQUE.SAN MARTIN,652,15
371,ESCUELA EP NRO12,25 DE MAYO/BALBASTRO-LAGOMARSI,BROPQUE.SAN MARTIN,652,15
372,ESCUELA EP NRO12,25 DE MAYO/BALBASTRO-LAGOMARSI,BROPQUE.SAN MARTIN,652,15
373,ESCUELA EP NRO12,25 DE MAYO/BALBASTRO-LAGOMARSI,BROPQUE.SAN MARTIN,652,15
374,ESCUELA EP NRO12,25 DE MAYO/BALBASTRO-LAGOMARSI,BROPQUE.SAN MARTIN,652,15
375,ESCUELA EP NRO12,25 DE MAYO/BALBASTRO-LAGOMARSI,BROPQUE.SAN MARTIN,652,15
376,ESCUELA EP NRO12,25 DE MAYO/BALBASTRO-LAGOMARSI,BROPQUE.SAN MARTIN,652,15
377,ESCUELA EP NRO12,25 DE MAYO/BALBASTRO-LAGOMARSI,BROPQUE.SAN MARTIN,652,15
378,ESCUELA EP NRO12,25 DE MAYO/BALBASTRO-LAGOMARSI,BROPQUE.SAN MARTIN,652,15
379,ESCUELA EP NRO12,25 DE MAYO/BALBASTRO-LAGOMARSI,BROPQUE.SAN MARTIN,652,15
380,ESCUELA EP NRO12,25 DE MAYO/BALBASTRO-LAGOMARSI,BROPQUE.SAN MARTIN,652,15
381,ESCUELA EP NRO12,25 DE MAYO/BALBASTRO-LAGOMARSI,BROPQUE.SAN MARTIN,652,15
382,ESCUELA EP NRO12,25 DE MAYO/BALBASTRO-LAGOMARSI,BROPQUE.SAN MARTIN,652,15
383,ESCUELA EP NRO43,CARCARAÑA 439,BROPQUE.SAN MARTIN,652,9
384,ESCUELA EP NRO43,CARCARAÑA 439,BROPQUE.SAN MARTIN,652,9
385,ESCUELA EP NRO43,CARCARAÑA 439,BROPQUE.SAN MARTIN,652,9
386,ESCUELA EP NRO43,CARCARAÑA 439,BROPQUE.SAN MARTIN,652,9
387,ESCUELA EP NRO43,CARCARAÑA 439,BROPQUE.SAN MARTIN,652,9
388,ESCUELA EP NRO43,CARCARAÑA 439,BROPQUE.SAN MARTIN,652,9
389,ESCUELA EP NRO43,CARCARAÑA 439,BROPQUE.SAN MARTIN,652,9
390,ESCUELA EP NRO43,CARCARAÑA 439,BROPQUE.SAN MARTIN,652,9
391,ESCUELA EP NRO43,CARCARAÑA 439,BROPQUE.SAN MARTIN,652,9
392,ESCUELA EP NRO56,MALDONADO E/CORONDA-CRAMER,BRORIVADAVIA,652,13
393,ESCUELA EP NRO56,MALDONADO E/CORONDA-CRAMER,BRORIVADAVIA,652,13
394,ESCUELA EP NRO56,MALDONADO E/CORONDA-CRAMER,BRORIVADAVIA,652,13
395,ESCUELA EP NRO56,MALDONADO E/CORONDA-CRAMER,BRORIVADAVIA,652,13
396,ESCUELA EP NRO56,MALDONADO E/CORONDA-CRAMER,BRORIVADAVIA,652,13
397,ESCUELA EP NRO56,MALDONADO E/CORONDA-CRAMER,BRORIVADAVIA,652,13
398,ESCUELA EP NRO56,MALDONADO E/CORONDA-CRAMER,BRORIVADAVIA,652,13
399,ESCUELA EP NRO56,MALDONADO E/CORONDA-CRAMER,BRORIVADAVIA,652,13
400,ESCUELA EP NRO56,MALDONADO E/CORONDA-CRAMER,BRORIVADAVIA,652,13
401,ESCUELA EP NRO56,MALDONADO E/CORONDA-CRAMER,BRORIVADAVIA,652,13
402,ESCUELA EP NRO56,MALDONADO E/CORONDA-CRAMER,BRORIVADAVIA,652,13
403,ESCUELA EP NRO56,MALDONADO E/CORONDA-CRAMER,BRORIVADAVIA,652,13
404,ESCUELA EP NRO56,MALDONADO E/CORONDA-CRAMER,BRORIVADAVIA,652,13
405,ESCUELA EP NRO42,LAINEZ 1415,BRO LOS VASCOS,652,6
406,ESCUELA EP NRO42,LAINEZ 1415,BRO LOS VASCOS,652,6
407,ESCUELA EP NRO42,LAINEZ 1415,BRO LOS VASCOS,652,6
408,ESCUELA EP NRO42,LAINEZ 1415,BRO LOS VASCOS,652,6
409,ESCUELA EP NRO42,LAINEZ 1415,BRO LOS VASCOS,652,6
410,ESCUELA EP NRO42,LAINEZ 1415,BRO LOS VASCOS,652,6
411,INSTITUTO NTRA.SRA.DE LA GRUTA,AV.SAN MARTIN 3102,BROPQUE.SAN MARTIN,652,4
412,INSTITUTO NTRA.SRA.DE LA GRUTA,AV.SAN MARTIN 3102,BROPQUE.SAN MARTIN,652,4
413,INSTITUTO NTRA.SRA.DE LA GRUTA,AV.SAN MARTIN 3102,BROPQUE.SAN MARTIN,652,4
414,INSTITUTO NTRA.SRA.DE LA GRUTA,AV.SAN MARTIN 3102,BROPQUE.SAN MARTIN,652,4
415,ESCUELA EP NRO46,HURTADO S/NRO,BROPQUE.SAN MARTIN,652,14
416,ESCUELA EP NRO46,HURTADO S/NRO,BROPQUE.SAN MARTIN,652,14
417,ESCUELA EP NRO46,HURTADO S/NRO,BROPQUE.SAN MARTIN,652,14
418,ESCUELA EP NRO46,HURTADO S/NRO,BROPQUE.SAN MARTIN,652,14
419,ESCUELA EP NRO46,HURTADO S/NRO,BROPQUE.SAN MARTIN,652,14
420,ESCUELA EP NRO46,HURTADO S/NRO,BROPQUE.SAN MARTIN,652,14
421,ESCUELA EP NRO46,HURTADO S/NRO,BROPQUE.SAN MARTIN,652,14
422,ESCUELA EP NRO46,HURTADO S/NRO,BROPQUE.SAN MARTIN,652,14
423,ESCUELA EP NRO46,HURTADO S/NRO,BROPQUE.SAN MARTIN,652,14
424,ESCUELA EP NRO46,HURTADO S/NRO,BROPQUE.SAN MARTIN,652,14
425,ESCUELA EP NRO46,HURTADO S/NRO,BROPQUE.SAN MARTIN,652,14
426,ESCUELA EP NRO46,HURTADO S/NRO,BROPQUE.SAN MARTIN,652,14
427,ESCUELA EP NRO46,HURTADO S/NRO,BROPQUE.SAN MARTIN,652,14
428,ESCUELA EP NRO46,HURTADO S/NRO,BROPQUE.SAN MARTIN,652,14
429,ESCUELA EP NRO62/ES NRO55,PIZZURNO ESQ.MADRID,BROPQUE.SAN MARTIN,652,12
430,ESCUELA EP NRO62/ES NRO55,PIZZURNO ESQ.MADRID,BROPQUE.SAN MARTIN,652,12
431,ESCUELA EP NRO62/ES NRO55,PIZZURNO ESQ.MADRID,BROPQUE.SAN MARTIN,652,12
432,ESCUELA EP NRO62/ES NRO55,PIZZURNO ESQ.MADRID,BROPQUE.SAN MARTIN,652,12
433,ESCUELA EP NRO62/ES NRO55,PIZZURNO ESQ.MADRID,BROPQUE.SAN MARTIN,652,12
434,ESCUELA EP NRO62/ES NRO55,PIZZURNO ESQ.MADRID,BROPQUE.SAN MARTIN,652,12
435,ESCUELA EP NRO62/ES NRO55,PIZZURNO ESQ.MADRID,BROPQUE.SAN MARTIN,652,12
436,ESCUELA EP NRO62/ES NRO55,PIZZURNO ESQ.MADRID,BROPQUE.SAN MARTIN,652,12
437,ESCUELA EP NRO62/ES NRO55,PIZZURNO ESQ.MADRID,BROPQUE.SAN MARTIN,652,12
438,ESCUELA EP NRO62/ES NRO55,PIZZURNO ESQ.MADRID,BROPQUE.SAN MARTIN,652,12
439,ESCUELA EP NRO62/ES NRO55,PIZZURNO ESQ.MADRID,BROPQUE.SAN MARTIN,652,12
440,ESCUELA EP NRO62/ES NRO55,PIZZURNO ESQ.MADRID,BROPQUE.SAN MARTIN,652,12
441,ESCUELA EP NRO71,DE MARIA 3654,BRO LOMA GRANDE,652,11
442,ESCUELA EP NRO71,DE MARIA 3654,BRO LOMA GRANDE,652,11
443,ESCUELA EP NRO71,DE MARIA 3654,BRO LOMA GRANDE,652,11
444,ESCUELA EP NRO71,DE MARIA 3654,BRO LOMA GRANDE,652,11
445,ESCUELA EP NRO71,DE MARIA 3654,BRO LOMA GRANDE,652,11
446,ESCUELA EP NRO71,DE MARIA 3654,BRO LOMA GRANDE,652,11
447,ESCUELA EP NRO71,DE MARIA 3654,BRO LOMA GRANDE,652,11
448,ESCUELA EP NRO71,DE MARIA 3654,BRO LOMA GRANDE,652,11
449,ESCUELA EP NRO71,DE MARIA 3654,BRO LOMA GRANDE,652,11
450,ESCUELA EP NRO71,DE MARIA 3654,BRO LOMA GRANDE,652,11
451,ESCUELA EP NRO71,DE MARIA 3654,BRO LOMA GRANDE,652,11
452,ESCUELA SOLAR DE LOS HORNEROS,ARENALES 940,BROPQUE.SAN MARTIN,652,11
453,ESCUELA SOLAR DE LOS HORNEROS,ARENALES 940,BROPQUE.SAN MARTIN,652,11
454,ESCUELA SOLAR DE LOS HORNEROS,ARENALES 940,BROPQUE.SAN MARTIN,652,11
455,ESCUELA SOLAR DE LOS HORNEROS,ARENALES 940,BROPQUE.SAN MARTIN,652,11
456,ESCUELA SOLAR DE LOS HORNEROS,ARENALES 940,BROPQUE.SAN MARTIN,652,11
457,ESCUELA SOLAR DE LOS HORNEROS,ARENALES 940,BROPQUE.SAN MARTIN,652,11
458,ESCUELA SOLAR DE LOS HORNEROS,ARENALES 940,BROPQUE.SAN MARTIN,652,11
459,ESCUELA SOLAR DE LOS HORNEROS,ARENALES 940,BROPQUE.SAN MARTIN,652,11
460,ESCUELA SOLAR DE LOS HORNEROS,ARENALES 940,BROPQUE.SAN MARTIN,652,11
461,ESCUELA SOLAR DE LOS HORNEROS,ARENALES 940,BROPQUE.SAN MARTIN,652,11
462,ESCUELA SOLAR DE LOS HORNEROS,ARENALES 940,BROPQUE.SAN MARTIN,652,11
463,ESCUELA ES NRO5,RAWSON 4541,BROPQUE.SAN MARTIN,652,14
464,ESCUELA ES NRO5,RAWSON 4541,BROPQUE.SAN MARTIN,652,14
465,ESCUELA ES NRO5,RAWSON 4541,BROPQUE.SAN MARTIN,652,14
466,ESCUELA ES NRO5,RAWSON 4541,BROPQUE.SAN MARTIN,652,14
467,ESCUELA ES NRO5,RAWSON 4541,BROPQUE.SAN MARTIN,652,14
468,ESCUELA ES NRO5,RAWSON 4541,BROPQUE.SAN MARTIN,652,14
469,ESCUELA ES NRO5,RAWSON 4541,BROPQUE.SAN MARTIN,652,14
470,ESCUELA ES NRO5,RAWSON 4541,BROPQUE.SAN MARTIN,652,14
471,ESCUELA ES NRO5,RAWSON 4541,BROPQUE.SAN MARTIN,652,14
472,ESCUELA ES NRO5,RAWSON 4541,BROPQUE.SAN MARTIN,652,14
473,ESCUELA ES NRO5,RAWSON 4541,BROPQUE.SAN MARTIN,652,14
474,ESCUELA ES NRO5,RAWSON 4541,BROPQUE.SAN MARTIN,652,14
475,ESCUELA ES NRO5,RAWSON 4541,BROPQUE.SAN MARTIN,652,14
476,ESCUELA ES NRO5,RAWSON 4541,BROPQUE.SAN MARTIN,652,14
477,ESCUELA ES NRO7,TOAY 714,MERLO (PARTE),652,12
478,ESCUELA ES NRO7,TOAY 714,MERLO (PARTE),652,12
479,ESCUELA ES NRO7,TOAY 714,MERLO (PARTE),652,12
480,ESCUELA ES NRO7,TOAY 714,MERLO (PARTE),652,12
481,ESCUELA ES NRO7,TOAY 714,MERLO (PARTE),652,12
482,ESCUELA ES NRO7,TOAY 714,MERLO (PARTE),652,12
483,ESCUELA ES NRO7,TOAY 714,MERLO (PARTE),652,12
484,ESCUELA ES NRO7,TOAY 714,MERLO (PARTE),652,12
485,ESCUELA ES NRO7,TOAY 714,MERLO (PARTE),652,12
486,ESCUELA ES NRO7,TOAY 714,MERLO (PARTE),652,12
487,ESCUELA ES NRO7,TOAY 714,MERLO (PARTE),652,12
488,ESCUELA ES NRO7,TOAY 714,MERLO (PARTE),652,12
489,ESCUELA EP NRO53/ES NRO49,SEGUROLA 3290,BROPQUE.SAN MARTIN,652,10
490,ESCUELA EP NRO53/ES NRO49,SEGUROLA 3290,BROPQUE.SAN MARTIN,652,10
491,ESCUELA EP NRO53/ES NRO49,SEGUROLA 3290,BROPQUE.SAN MARTIN,652,10
492,ESCUELA EP NRO53/ES NRO49,SEGUROLA 3290,BROPQUE.SAN MARTIN,652,10
493,ESCUELA EP NRO53/ES NRO49,SEGUROLA 3290,BROPQUE.SAN MARTIN,652,10
494,ESCUELA EP NRO53/ES NRO49,SEGUROLA 3290,BROPQUE.SAN MARTIN,652,10
495,ESCUELA EP NRO53/ES NRO49,SEGUROLA 3290,BROPQUE.SAN MARTIN,652,10
496,ESCUELA EP NRO53/ES NRO49,SEGUROLA 3290,BROPQUE.SAN MARTIN,652,10
497,ESCUELA EP NRO53/ES NRO49,SEGUROLA 3290,BROPQUE.SAN MARTIN,652,10
498,ESCUELA EP NRO53/ES NRO49,SEGUROLA 3290,BROPQUE.SAN MARTIN,652,10
499,ESCUELA EP NRO64,ESTANISLAO DEL CAMPO 3106,BROPQUE.SAN MARTIN,652,6
500,ESCUELA EP NRO64,ESTANISLAO DEL CAMPO 3106,BROPQUE.SAN MARTIN,652,6
501,ESCUELA EP NRO64,ESTANISLAO DEL CAMPO 3106,BROPQUE.SAN MARTIN,652,6
502,ESCUELA EP NRO64,ESTANISLAO DEL CAMPO 3106,BROPQUE.SAN MARTIN,652,6
503,ESCUELA EP NRO64,ESTANISLAO DEL CAMPO 3106,BROPQUE.SAN MARTIN,652,6
504,ESCUELA EP NRO64,ESTANISLAO DEL CAMPO 3106,BROPQUE.SAN MARTIN,652,6
505,ESCUELA EP NRO65,DAVILA Y BURELA,BROALBATROS,652,12
506,ESCUELA EP NRO65,DAVILA Y BURELA,BROALBATROS,652,12
507,ESCUELA EP NRO65,DAVILA Y BURELA,BROALBATROS,652,12
508,ESCUELA EP NRO65,DAVILA Y BURELA,BROALBATROS,652,12
509,ESCUELA EP NRO65,DAVILA Y BURELA,BROALBATROS,652,12
510,ESCUELA EP NRO65,DAVILA Y BURELA,BROALBATROS,652,12
511,ESCUELA EP NRO65,DAVILA Y BURELA,BROALBATROS,652,12
512,ESCUELA EP NRO65,DAVILA Y BURELA,BROALBATROS,652,12
513,ESCUELA EP NRO65,DAVILA Y BURELA,BROALBATROS,652,12
514,ESCUELA EP NRO65,DAVILA Y BURELA,BROALBATROS,652,12
515,ESCUELA EP NRO65,DAVILA Y BURELA,BROALBATROS,652,12
516,ESCUELA EP NRO65,DAVILA Y BURELA,BROALBATROS,652,12
517,ESCUELA NUEVA SAN MATIAS,IWANOSKI 821,BROPQUE.SAN MARTIN,652,6
518,ESCUELA NUEVA SAN MATIAS,IWANOSKI 821,BROPQUE.SAN MARTIN,652,6
519,ESCUELA NUEVA SAN MATIAS,IWANOSKI 821,BROPQUE.SAN MARTIN,652,6
520,ESCUELA NUEVA SAN MATIAS,IWANOSKI 821,BROPQUE.SAN MARTIN,652,6
521,ESCUELA NUEVA SAN MATIAS,IWANOSKI 821,BROPQUE.SAN MARTIN,652,6
522,ESCUELA NUEVA SAN MATIAS,IWANOSKI 821,BROPQUE.SAN MARTIN,652,6
523,ESCUELA ES NRO6,25 DE MAYO E/LAGOMARSINO-BALBA,BROPQUE.SAN MARTIN,652,7
524,ESCUELA ES NRO6,25 DE MAYO E/LAGOMARSINO-BALBA,BROPQUE.SAN MARTIN,652,7
525,ESCUELA ES NRO6,25 DE MAYO E/LAGOMARSINO-BALBA,BROPQUE.SAN MARTIN,652,7
526,ESCUELA ES NRO6,25 DE MAYO E/LAGOMARSINO-BALBA,BROPQUE.SAN MARTIN,652,7
527,ESCUELA ES NRO6,25 DE MAYO E/LAGOMARSINO-BALBA,BROPQUE.SAN MARTIN,652,7
528,ESCUELA ES NRO6,25 DE MAYO E/LAGOMARSINO-BALBA,BROPQUE.SAN MARTIN,652,7
529,ESCUELA ES NRO6,25 DE MAYO E/LAGOMARSINO-BALBA,BROPQUE.SAN MARTIN,652,7
530,ESCUELA ES NRO41,CARCARAÑA S/N CASI CAMPILLO,BROPQUE.SAN MARTIN,652,6
531,ESCUELA ES NRO41,CARCARAÑA S/N CASI CAMPILLO,BROPQUE.SAN MARTIN,652,6
532,ESCUELA ES NRO41,CARCARAÑA S/N CASI CAMPILLO,BROPQUE.SAN MARTIN,652,6
533,ESCUELA ES NRO41,CARCARAÑA S/N CASI CAMPILLO,BROPQUE.SAN MARTIN,652,6
534,ESCUELA ES NRO41,CARCARAÑA S/N CASI CAMPILLO,BROPQUE.SAN MARTIN,652,6
535,ESCUELA ES NRO41,CARCARAÑA S/N CASI CAMPILLO,BROPQUE.SAN MARTIN,652,6
536,JARDIN DE INFANTES NRO908,MURRAY 3030,BROPQUE.SAN MARTIN,652,4
537,JARDIN DE INFANTES NRO908,MURRAY 3030,BROPQUE.SAN MARTIN,652,4
538,JARDIN DE INFANTES NRO908,MURRAY 3030,BROPQUE.SAN MARTIN,652,4
539,JARDIN DE INFANTES NRO908,MURRAY 3030,BROPQUE.SAN MARTIN,652,4
540,ESCUELA EDUC.INTEGRAL SIEMBRA,BALBASTRO 1769,BRO EL ROSEDAL,652,6
541,ESCUELA EDUC.INTEGRAL SIEMBRA,BALBASTRO 1769,BRO EL ROSEDAL,652,6
542,ESCUELA EDUC.INTEGRAL SIEMBRA,BALBASTRO 1769,BRO EL ROSEDAL,652,6
543,ESCUELA EDUC.INTEGRAL SIEMBRA,BALBASTRO 1769,BRO EL ROSEDAL,652,6
544,ESCUELA EDUC.INTEGRAL SIEMBRA,BALBASTRO 1769,BRO EL ROSEDAL,652,6
545,ESCUELA EDUC.INTEGRAL SIEMBRA,BALBASTRO 1769,BRO EL ROSEDAL,652,6
546,JARDIN DE INFANTES NRO915,12 DE FEBRERO 1131,BRO GRAL.BELGRANO,652,5
547,JARDIN DE INFANTES NRO915,12 DE FEBRERO 1131,BRO GRAL.BELGRANO,652,5
548,JARDIN DE INFANTES NRO915,12 DE FEBRERO 1131,BRO GRAL.BELGRANO,652,5
549,JARDIN DE INFANTES NRO915,12 DE FEBRERO 1131,BRO GRAL.BELGRANO,652,5
550,JARDIN DE INFANTES NRO915,12 DE FEBRERO 1131,BRO GRAL.BELGRANO,652,5
551,JARDIN DE INFANTES NRO916,AZCUENAGA Y COSTA,BROTOBAL,652,2
552,JARDIN DE INFANTES NRO916,AZCUENAGA Y COSTA,BROTOBAL,652,2
553,ESCUELA EP NRO6,V.MERCANTE 150,LIBERTAD (PARTE),653,13
554,ESCUELA EP NRO6,V.MERCANTE 150,LIBERTAD (PARTE),653,13
555,ESCUELA EP NRO6,V.MERCANTE 150,LIBERTAD (PARTE),653,13
556,ESCUELA EP NRO6,V.MERCANTE 150,LIBERTAD (PARTE),653,13
557,ESCUELA EP NRO6,V.MERCANTE 150,LIBERTAD (PARTE),653,13
558,ESCUELA EP NRO6,V.MERCANTE 150,LIBERTAD (PARTE),653,13
559,ESCUELA EP NRO6,V.MERCANTE 150,LIBERTAD (PARTE),653,13
560,ESCUELA EP NRO6,V.MERCANTE 150,LIBERTAD (PARTE),653,13
561,ESCUELA EP NRO6,V.MERCANTE 150,LIBERTAD (PARTE),653,13
562,ESCUELA EP NRO6,V.MERCANTE 150,LIBERTAD (PARTE),653,13
563,ESCUELA EP NRO6,V.MERCANTE 150,LIBERTAD (PARTE),653,13
564,ESCUELA EP NRO6,V.MERCANTE 150,LIBERTAD (PARTE),653,13
565,ESCUELA EP NRO6,V.MERCANTE 150,LIBERTAD (PARTE),653,13
566,ESCUELA EP NRO2,NICARAGUA 345,LIBERTAD (PARTE),653,12
567,ESCUELA EP NRO2,NICARAGUA 345,LIBERTAD (PARTE),653,12
568,ESCUELA EP NRO2,NICARAGUA 345,LIBERTAD (PARTE),653,12
569,ESCUELA EP NRO2,NICARAGUA 345,LIBERTAD (PARTE),653,12
570,ESCUELA EP NRO2,NICARAGUA 345,LIBERTAD (PARTE),653,12
571,ESCUELA EP NRO2,NICARAGUA 345,LIBERTAD (PARTE),653,12
572,ESCUELA EP NRO2,NICARAGUA 345,LIBERTAD (PARTE),653,12
573,ESCUELA EP NRO2,NICARAGUA 345,LIBERTAD (PARTE),653,12
574,ESCUELA EP NRO2,NICARAGUA 345,LIBERTAD (PARTE),653,12
575,ESCUELA EP NRO2,NICARAGUA 345,LIBERTAD (PARTE),653,12
576,ESCUELA EP NRO2,NICARAGUA 345,LIBERTAD (PARTE),653,12
577,ESCUELA EP NRO2,NICARAGUA 345,LIBERTAD (PARTE),653,12
578,ESCUELA ES NRO4,V.MERCANTE Y ZAPIOLA,LIBERTAD (PARTE),653,15
579,ESCUELA ES NRO4,V.MERCANTE Y ZAPIOLA,LIBERTAD (PARTE),653,15
580,ESCUELA ES NRO4,V.MERCANTE Y ZAPIOLA,LIBERTAD (PARTE),653,15
581,ESCUELA ES NRO4,V.MERCANTE Y ZAPIOLA,LIBERTAD (PARTE),653,15
582,ESCUELA ES NRO4,V.MERCANTE Y ZAPIOLA,LIBERTAD (PARTE),653,15
583,ESCUELA ES NRO4,V.MERCANTE Y ZAPIOLA,LIBERTAD (PARTE),653,15
584,ESCUELA ES NRO4,V.MERCANTE Y ZAPIOLA,LIBERTAD (PARTE),653,15
585,ESCUELA ES NRO4,V.MERCANTE Y ZAPIOLA,LIBERTAD (PARTE),653,15
586,ESCUELA ES NRO4,V.MERCANTE Y ZAPIOLA,LIBERTAD (PARTE),653,15
587,ESCUELA ES NRO4,V.MERCANTE Y ZAPIOLA,LIBERTAD (PARTE),653,15
588,ESCUELA ES NRO4,V.MERCANTE Y ZAPIOLA,LIBERTAD (PARTE),653,15
589,ESCUELA ES NRO4,V.MERCANTE Y ZAPIOLA,LIBERTAD (PARTE),653,15
590,ESCUELA ES NRO4,V.MERCANTE Y ZAPIOLA,LIBERTAD (PARTE),653,15
591,ESCUELA ES NRO4,V.MERCANTE Y ZAPIOLA,LIBERTAD (PARTE),653,15
592,ESCUELA ES NRO4,V.MERCANTE Y ZAPIOLA,LIBERTAD (PARTE),653,15
593,ESCUELA EP NRO7,OBARRIO Y TAPALQUE,BRO NUEVO,653,16
594,ESCUELA EP NRO7,OBARRIO Y TAPALQUE,BRO NUEVO,653,16
595,ESCUELA EP NRO7,OBARRIO Y TAPALQUE,BRO NUEVO,653,16
596,ESCUELA EP NRO7,OBARRIO Y TAPALQUE,BRO NUEVO,653,16
597,ESCUELA EP NRO7,OBARRIO Y TAPALQUE,BRO NUEVO,653,16
598,ESCUELA EP NRO7,OBARRIO Y TAPALQUE,BRO NUEVO,653,16
599,ESCUELA EP NRO7,OBARRIO Y TAPALQUE,BRO NUEVO,653,16
600,ESCUELA EP NRO7,OBARRIO Y TAPALQUE,BRO NUEVO,653,16
601,ESCUELA EP NRO7,OBARRIO Y TAPALQUE,BRO NUEVO,653,16
602,ESCUELA EP NRO7,OBARRIO Y TAPALQUE,BRO NUEVO,653,16
603,ESCUELA EP NRO7,OBARRIO Y TAPALQUE,BRO NUEVO,653,16
604,ESCUELA EP NRO7,OBARRIO Y TAPALQUE,BRO NUEVO,653,16
605,ESCUELA EP NRO7,OBARRIO Y TAPALQUE,BRO NUEVO,653,16
606,ESCUELA EP NRO7,OBARRIO Y TAPALQUE,BRO NUEVO,653,16
607,ESCUELA EP NRO7,OBARRIO Y TAPALQUE,BRO NUEVO,653,16
608,ESCUELA EP NRO7,OBARRIO Y TAPALQUE,BRO NUEVO,653,16
609,ESCUELA EP NRO39,SANTO DOMINGO Y RIVAROLA,LIBERTAD (PARTE),653,12
610,ESCUELA EP NRO39,SANTO DOMINGO Y RIVAROLA,LIBERTAD (PARTE),653,12
611,ESCUELA EP NRO39,SANTO DOMINGO Y RIVAROLA,LIBERTAD (PARTE),653,12
612,ESCUELA EP NRO39,SANTO DOMINGO Y RIVAROLA,LIBERTAD (PARTE),653,12
613,ESCUELA EP NRO39,SANTO DOMINGO Y RIVAROLA,LIBERTAD (PARTE),653,12
614,ESCUELA EP NRO39,SANTO DOMINGO Y RIVAROLA,LIBERTAD (PARTE),653,12
615,ESCUELA EP NRO39,SANTO DOMINGO Y RIVAROLA,LIBERTAD (PARTE),653,12
616,ESCUELA EP NRO39,SANTO DOMINGO Y RIVAROLA,LIBERTAD (PARTE),653,12
617,ESCUELA EP NRO39,SANTO DOMINGO Y RIVAROLA,LIBERTAD (PARTE),653,12
618,ESCUELA EP NRO39,SANTO DOMINGO Y RIVAROLA,LIBERTAD (PARTE),653,12
619,ESCUELA EP NRO39,SANTO DOMINGO Y RIVAROLA,LIBERTAD (PARTE),653,12
620,ESCUELA EP NRO39,SANTO DOMINGO Y RIVAROLA,LIBERTAD (PARTE),653,12
621,ESC.PARROQUIAL.J.M.ESTRADA,ZAPIOLA 1420,LIBERTAD (PARTE),653,7
622,ESC.PARROQUIAL.J.M.ESTRADA,ZAPIOLA 1420,LIBERTAD (PARTE),653,7
623,ESC.PARROQUIAL.J.M.ESTRADA,ZAPIOLA 1420,LIBERTAD (PARTE),653,7
624,ESC.PARROQUIAL.J.M.ESTRADA,ZAPIOLA 1420,LIBERTAD (PARTE),653,7
625,ESC.PARROQUIAL.J.M.ESTRADA,ZAPIOLA 1420,LIBERTAD (PARTE),653,7
626,ESC.PARROQUIAL.J.M.ESTRADA,ZAPIOLA 1420,LIBERTAD (PARTE),653,7
627,ESC.PARROQUIAL.J.M.ESTRADA,ZAPIOLA 1420,LIBERTAD (PARTE),653,7
628,ESCUELA EP NRO60/ES NRO53,ESCOBAR E/NICARAGUA Y CHILE,LIBERTAD (PARTE),653,11
629,ESCUELA EP NRO60/ES NRO53,ESCOBAR E/NICARAGUA Y CHILE,LIBERTAD (PARTE),653,11
630,ESCUELA EP NRO60/ES NRO53,ESCOBAR E/NICARAGUA Y CHILE,LIBERTAD (PARTE),653,11
631,ESCUELA EP NRO60/ES NRO53,ESCOBAR E/NICARAGUA Y CHILE,LIBERTAD (PARTE),653,11
632,ESCUELA EP NRO60/ES NRO53,ESCOBAR E/NICARAGUA Y CHILE,LIBERTAD (PARTE),653,11
633,ESCUELA EP NRO60/ES NRO53,ESCOBAR E/NICARAGUA Y CHILE,LIBERTAD (PARTE),653,11
634,ESCUELA EP NRO60/ES NRO53,ESCOBAR E/NICARAGUA Y CHILE,LIBERTAD (PARTE),653,11
635,ESCUELA EP NRO60/ES NRO53,ESCOBAR E/NICARAGUA Y CHILE,LIBERTAD (PARTE),653,11
636,ESCUELA EP NRO60/ES NRO53,ESCOBAR E/NICARAGUA Y CHILE,LIBERTAD (PARTE),653,11
637,ESCUELA EP NRO60/ES NRO53,ESCOBAR E/NICARAGUA Y CHILE,LIBERTAD (PARTE),653,11
638,ESCUELA EP NRO60/ES NRO53,ESCOBAR E/NICARAGUA Y CHILE,LIBERTAD (PARTE),653,11
639,ESC.N.S.DE LA CONSOLAC.DE SUMA,BELLINI 2114,LIBERTAD,653,3
640,ESC.N.S.DE LA CONSOLAC.DE SUMA,BELLINI 2114,LIBERTAD,653,3
641,ESC.N.S.DE LA CONSOLAC.DE SUMA,BELLINI 2114,LIBERTAD,653,3
642,ESCUELA ES NRO8,VELARDE Y HORNOS,LIBERTAD (PARTE),653,13
643,ESCUELA ES NRO8,VELARDE Y HORNOS,LIBERTAD (PARTE),653,13
644,ESCUELA ES NRO8,VELARDE Y HORNOS,LIBERTAD (PARTE),653,13
645,ESCUELA ES NRO8,VELARDE Y HORNOS,LIBERTAD (PARTE),653,13
646,ESCUELA ES NRO8,VELARDE Y HORNOS,LIBERTAD (PARTE),653,13
647,ESCUELA ES NRO8,VELARDE Y HORNOS,LIBERTAD (PARTE),653,13
648,ESCUELA ES NRO8,VELARDE Y HORNOS,LIBERTAD (PARTE),653,13
649,ESCUELA ES NRO8,VELARDE Y HORNOS,LIBERTAD (PARTE),653,13
650,ESCUELA ES NRO8,VELARDE Y HORNOS,LIBERTAD (PARTE),653,13
651,ESCUELA ES NRO8,VELARDE Y HORNOS,LIBERTAD (PARTE),653,13
652,ESCUELA ES NRO8,VELARDE Y HORNOS,LIBERTAD (PARTE),653,13
653,ESCUELA ES NRO8,VELARDE Y HORNOS,LIBERTAD (PARTE),653,13
654,ESCUELA ES NRO8,VELARDE Y HORNOS,LIBERTAD (PARTE),653,13
655,ESCUELA EP NRO35,JUFRE 1505,LIBERTAD (PARTE),653,9
656,ESCUELA EP NRO35,JUFRE 1505,LIBERTAD (PARTE),653,9
657,ESCUELA EP NRO35,JUFRE 1505,LIBERTAD (PARTE),653,9
658,ESCUELA EP NRO35,JUFRE 1505,LIBERTAD (PARTE),653,9
659,ESCUELA EP NRO35,JUFRE 1505,LIBERTAD (PARTE),653,9
660,ESCUELA EP NRO35,JUFRE 1505,LIBERTAD (PARTE),653,9
661,ESCUELA EP NRO35,JUFRE 1505,LIBERTAD (PARTE),653,9
662,ESCUELA EP NRO35,JUFRE 1505,LIBERTAD (PARTE),653,9
663,ESCUELA EP NRO35,JUFRE 1505,LIBERTAD (PARTE),653,9
664,ESCUELA EP NRO52/ES NRO40,TUPAC AMARU 446,MERLO GOMEZ,653,13
665,ESCUELA EP NRO52/ES NRO40,TUPAC AMARU 446,MERLO GOMEZ,653,13
666,ESCUELA EP NRO52/ES NRO40,TUPAC AMARU 446,MERLO GOMEZ,653,13
667,ESCUELA EP NRO52/ES NRO40,TUPAC AMARU 446,MERLO GOMEZ,653,13
668,ESCUELA EP NRO52/ES NRO40,TUPAC AMARU 446,MERLO GOMEZ,653,13
669,ESCUELA EP NRO52/ES NRO40,TUPAC AMARU 446,MERLO GOMEZ,653,13
670,ESCUELA EP NRO52/ES NRO40,TUPAC AMARU 446,MERLO GOMEZ,653,13
671,ESCUELA EP NRO52/ES NRO40,TUPAC AMARU 446,MERLO GOMEZ,653,13
672,ESCUELA EP NRO52/ES NRO40,TUPAC AMARU 446,MERLO GOMEZ,653,13
673,ESCUELA EP NRO52/ES NRO40,TUPAC AMARU 446,MERLO GOMEZ,653,13
674,ESCUELA EP NRO52/ES NRO40,TUPAC AMARU 446,MERLO GOMEZ,653,13
675,ESCUELA EP NRO52/ES NRO40,TUPAC AMARU 446,MERLO GOMEZ,653,13
676,ESCUELA EP NRO52/ES NRO40,TUPAC AMARU 446,MERLO GOMEZ,653,13
677,ESCUELA EP NRO22,MILLER E/SAN BENITO-ALMAGRO,BRO HELVECIA,653,11
678,ESCUELA EP NRO22,MILLER E/SAN BENITO-ALMAGRO,BRO HELVECIA,653,11
679,ESCUELA EP NRO22,MILLER E/SAN BENITO-ALMAGRO,BRO HELVECIA,653,11
680,ESCUELA EP NRO22,MILLER E/SAN BENITO-ALMAGRO,BRO HELVECIA,653,11
681,ESCUELA EP NRO22,MILLER E/SAN BENITO-ALMAGRO,BRO HELVECIA,653,11
682,ESCUELA EP NRO22,MILLER E/SAN BENITO-ALMAGRO,BRO HELVECIA,653,11
683,ESCUELA EP NRO22,MILLER E/SAN BENITO-ALMAGRO,BRO HELVECIA,653,11
684,ESCUELA EP NRO22,MILLER E/SAN BENITO-ALMAGRO,BRO HELVECIA,653,11
685,ESCUELA EP NRO22,MILLER E/SAN BENITO-ALMAGRO,BRO HELVECIA,653,11
686,ESCUELA EP NRO22,MILLER E/SAN BENITO-ALMAGRO,BRO HELVECIA,653,11
687,ESCUELA EP NRO22,MILLER E/SAN BENITO-ALMAGRO,BRO HELVECIA,653,11
688,ESCUELA EP NRO67,D'ONOFRIO E/HORNOS-CARABAJAL,LIBERTAD (PARTE),653,12
689,ESCUELA EP NRO67,D'ONOFRIO E/HORNOS-CARABAJAL,LIBERTAD (PARTE),653,12
690,ESCUELA EP NRO67,D'ONOFRIO E/HORNOS-CARABAJAL,LIBERTAD (PARTE),653,12
691,ESCUELA EP NRO67,D'ONOFRIO E/HORNOS-CARABAJAL,LIBERTAD (PARTE),653,12
692,ESCUELA EP NRO67,D'ONOFRIO E/HORNOS-CARABAJAL,LIBERTAD (PARTE),653,12
693,ESCUELA EP NRO67,D'ONOFRIO E/HORNOS-CARABAJAL,LIBERTAD (PARTE),653,12
694,ESCUELA EP NRO67,D'ONOFRIO E/HORNOS-CARABAJAL,LIBERTAD (PARTE),653,12
695,ESCUELA EP NRO67,D'ONOFRIO E/HORNOS-CARABAJAL,LIBERTAD (PARTE),653,12
696,ESCUELA EP NRO67,D'ONOFRIO E/HORNOS-CARABAJAL,LIBERTAD (PARTE),653,12
697,ESCUELA EP NRO67,D'ONOFRIO E/HORNOS-CARABAJAL,LIBERTAD (PARTE),653,12
698,ESCUELA EP NRO67,D'ONOFRIO E/HORNOS-CARABAJAL,LIBERTAD (PARTE),653,12
699,ESCUELA EP NRO67,D'ONOFRIO E/HORNOS-CARABAJAL,LIBERTAD (PARTE),653,12
700,INSTITUTO JOSE DE SAN MARTIN,ECUADOR 360,LIBERTAD (PARTE),653,13
701,INSTITUTO JOSE DE SAN MARTIN,ECUADOR 360,LIBERTAD (PARTE),653,13
702,INSTITUTO JOSE DE SAN MARTIN,ECUADOR 360,LIBERTAD (PARTE),653,13
703,INSTITUTO JOSE DE SAN MARTIN,ECUADOR 360,LIBERTAD (PARTE),653,13
704,INSTITUTO JOSE DE SAN MARTIN,ECUADOR 360,LIBERTAD (PARTE),653,13
705,INSTITUTO JOSE DE SAN MARTIN,ECUADOR 360,LIBERTAD (PARTE),653,13
706,INSTITUTO JOSE DE SAN MARTIN,ECUADOR 360,LIBERTAD (PARTE),653,13
707,INSTITUTO JOSE DE SAN MARTIN,ECUADOR 360,LIBERTAD (PARTE),653,13
708,INSTITUTO JOSE DE SAN MARTIN,ECUADOR 360,LIBERTAD (PARTE),653,13
709,INSTITUTO JOSE DE SAN MARTIN,ECUADOR 360,LIBERTAD (PARTE),653,13
710,INSTITUTO JOSE DE SAN MARTIN,ECUADOR 360,LIBERTAD (PARTE),653,13
711,INSTITUTO JOSE DE SAN MARTIN,ECUADOR 360,LIBERTAD (PARTE),653,13
712,INSTITUTO JOSE DE SAN MARTIN,ECUADOR 360,LIBERTAD (PARTE),653,13
713,ESCUELA EP NRO63,DE LA LINDE 397,LIBERTAD,653,11
714,ESCUELA EP NRO63,DE LA LINDE 397,LIBERTAD,653,11
715,ESCUELA EP NRO63,DE LA LINDE 397,LIBERTAD,653,11
716,ESCUELA EP NRO63,DE LA LINDE 397,LIBERTAD,653,11
717,ESCUELA EP NRO63,DE LA LINDE 397,LIBERTAD,653,11
718,ESCUELA EP NRO63,DE LA LINDE 397,LIBERTAD,653,11
719,ESCUELA EP NRO63,DE LA LINDE 397,LIBERTAD,653,11
720,ESCUELA EP NRO63,DE LA LINDE 397,LIBERTAD,653,11
721,ESCUELA EP NRO63,DE LA LINDE 397,LIBERTAD,653,11
722,ESCUELA EP NRO63,DE LA LINDE 397,LIBERTAD,653,11
723,ESCUELA EP NRO63,DE LA LINDE 397,LIBERTAD,653,11
724,ESCUELA ES NRO56,DE LA LINDE Y DOBLAS,LIBERTAD,653,4
725,ESCUELA ES NRO56,DE LA LINDE Y DOBLAS,LIBERTAD,653,4
726,ESCUELA ES NRO56,DE LA LINDE Y DOBLAS,LIBERTAD,653,4
727,ESCUELA ES NRO56,DE LA LINDE Y DOBLAS,LIBERTAD,653,4
728,ESCUELA EP NRO4,DE ROMA Y DE LOS FRANCESES,PONTEVEDRA,654,11
729,ESCUELA EP NRO4,DE ROMA Y DE LOS FRANCESES,PONTEVEDRA,654,11
730,ESCUELA EP NRO4,DE ROMA Y DE LOS FRANCESES,PONTEVEDRA,654,11
731,ESCUELA EP NRO4,DE ROMA Y DE LOS FRANCESES,PONTEVEDRA,654,11
732,ESCUELA EP NRO4,DE ROMA Y DE LOS FRANCESES,PONTEVEDRA,654,11
733,ESCUELA EP NRO4,DE ROMA Y DE LOS FRANCESES,PONTEVEDRA,654,11
734,ESCUELA EP NRO4,DE ROMA Y DE LOS FRANCESES,PONTEVEDRA,654,11
735,ESCUELA EP NRO4,DE ROMA Y DE LOS FRANCESES,PONTEVEDRA,654,11
736,ESCUELA EP NRO4,DE ROMA Y DE LOS FRANCESES,PONTEVEDRA,654,11
737,ESCUELA EP NRO4,DE ROMA Y DE LOS FRANCESES,PONTEVEDRA,654,11
738,ESCUELA EP NRO4,DE ROMA Y DE LOS FRANCESES,PONTEVEDRA,654,11
739,ESCUELA EP NRO55,CARRASCO 403,PONTEVEDRA,654,12
740,ESCUELA EP NRO55,CARRASCO 403,PONTEVEDRA,654,12
741,ESCUELA EP NRO55,CARRASCO 403,PONTEVEDRA,654,12
742,ESCUELA EP NRO55,CARRASCO 403,PONTEVEDRA,654,12
743,ESCUELA EP NRO55,CARRASCO 403,PONTEVEDRA,654,12
744,ESCUELA EP NRO55,CARRASCO 403,PONTEVEDRA,654,12
745,ESCUELA EP NRO55,CARRASCO 403,PONTEVEDRA,654,12
746,ESCUELA EP NRO55,CARRASCO 403,PONTEVEDRA,654,12
747,ESCUELA EP NRO55,CARRASCO 403,PONTEVEDRA,654,12
748,ESCUELA EP NRO55,CARRASCO 403,PONTEVEDRA,654,12
749,ESCUELA EP NRO55,CARRASCO 403,PONTEVEDRA,654,12
750,ESCUELA EP NRO55,CARRASCO 403,PONTEVEDRA,654,12
751,INSTITUTO BERNARDINO RIVADAVIA,DE LA VIRGEN Y LOS FRANCESES,PONTEVEDRA,654,8
752,INSTITUTO BERNARDINO RIVADAVIA,DE LA VIRGEN Y LOS FRANCESES,PONTEVEDRA,654,8
753,INSTITUTO BERNARDINO RIVADAVIA,DE LA VIRGEN Y LOS FRANCESES,PONTEVEDRA,654,8
754,INSTITUTO BERNARDINO RIVADAVIA,DE LA VIRGEN Y LOS FRANCESES,PONTEVEDRA,654,8
755,INSTITUTO BERNARDINO RIVADAVIA,DE LA VIRGEN Y LOS FRANCESES,PONTEVEDRA,654,8
756,INSTITUTO BERNARDINO RIVADAVIA,DE LA VIRGEN Y LOS FRANCESES,PONTEVEDRA,654,8
757,INSTITUTO BERNARDINO RIVADAVIA,DE LA VIRGEN Y LOS FRANCESES,PONTEVEDRA,654,8
758,INSTITUTO BERNARDINO RIVADAVIA,DE LA VIRGEN Y LOS FRANCESES,PONTEVEDRA,654,8
759,ESCUELA ES NRO15,DE BARNES 4320,PONTEVEDRA,654,7
760,ESCUELA ES NRO15,DE BARNES 4320,PONTEVEDRA,654,7
761,ESCUELA ES NRO15,DE BARNES 4320,PONTEVEDRA,654,7
762,ESCUELA ES NRO15,DE BARNES 4320,PONTEVEDRA,654,7
763,ESCUELA ES NRO15,DE BARNES 4320,PONTEVEDRA,654,7
764,ESCUELA ES NRO15,DE BARNES 4320,PONTEVEDRA,654,7
765,ESCUELA ES NRO15,DE BARNES 4320,PONTEVEDRA,654,7
766,ESCUELA EP NRO58/ES NRO28,ZABALA Y ARGENTINA,PONTEVEDRA,654,10
767,ESCUELA EP NRO58/ES NRO28,ZABALA Y ARGENTINA,PONTEVEDRA,654,10
768,ESCUELA EP NRO58/ES NRO28,ZABALA Y ARGENTINA,PONTEVEDRA,654,10
769,ESCUELA EP NRO58/ES NRO28,ZABALA Y ARGENTINA,PONTEVEDRA,654,10
770,ESCUELA EP NRO58/ES NRO28,ZABALA Y ARGENTINA,PONTEVEDRA,654,10
771,ESCUELA EP NRO58/ES NRO28,ZABALA Y ARGENTINA,PONTEVEDRA,654,10
772,ESCUELA EP NRO58/ES NRO28,ZABALA Y ARGENTINA,PONTEVEDRA,654,10
773,ESCUELA EP NRO58/ES NRO28,ZABALA Y ARGENTINA,PONTEVEDRA,654,10
774,ESCUELA EP NRO58/ES NRO28,ZABALA Y ARGENTINA,PONTEVEDRA,654,10
775,ESCUELA EP NRO58/ES NRO28,ZABALA Y ARGENTINA,PONTEVEDRA,654,10
776,ESCUELA EP NRO37,DE ROMA Y RIVERA INDARTE,BRO SANTA JULIA,654,11
777,ESCUELA EP NRO37,DE ROMA Y RIVERA INDARTE,BRO SANTA JULIA,654,11
778,ESCUELA EP NRO37,DE ROMA Y RIVERA INDARTE,BRO SANTA JULIA,654,11
779,ESCUELA EP NRO37,DE ROMA Y RIVERA INDARTE,BRO SANTA JULIA,654,11
780,ESCUELA EP NRO37,DE ROMA Y RIVERA INDARTE,BRO SANTA JULIA,654,11
781,ESCUELA EP NRO37,DE ROMA Y RIVERA INDARTE,BRO SANTA JULIA,654,11
782,ESCUELA EP NRO37,DE ROMA Y RIVERA INDARTE,BRO SANTA JULIA,654,11
783,ESCUELA EP NRO37,DE ROMA Y RIVERA INDARTE,BRO SANTA JULIA,654,11
784,ESCUELA EP NRO37,DE ROMA Y RIVERA INDARTE,BRO SANTA JULIA,654,11
785,ESCUELA EP NRO37,DE ROMA Y RIVERA INDARTE,BRO SANTA JULIA,654,11
786,ESCUELA EP NRO37,DE ROMA Y RIVERA INDARTE,BRO SANTA JULIA,654,11
787,ESCUELA EP NRO49,PORTELA 4789,PONTEVEDRA,654,11
788,ESCUELA EP NRO49,PORTELA 4789,PONTEVEDRA,654,11
789,ESCUELA EP NRO49,PORTELA 4789,PONTEVEDRA,654,11
790,ESCUELA EP NRO49,PORTELA 4789,PONTEVEDRA,654,11
791,ESCUELA EP NRO49,PORTELA 4789,PONTEVEDRA,654,11
792,ESCUELA EP NRO49,PORTELA 4789,PONTEVEDRA,654,11
793,ESCUELA EP NRO49,PORTELA 4789,PONTEVEDRA,654,11
794,ESCUELA EP NRO49,PORTELA 4789,PONTEVEDRA,654,11
795,ESCUELA EP NRO49,PORTELA 4789,PONTEVEDRA,654,11
796,ESCUELA EP NRO49,PORTELA 4789,PONTEVEDRA,654,11
797,ESCUELA EP NRO49,PORTELA 4789,PONTEVEDRA,654,11
798,ESCUELA EP NRO74,PLAZA Y CELMAN,PONTEVEDRA,654,10
799,ESCUELA EP NRO74,PLAZA Y CELMAN,PONTEVEDRA,654,10
800,ESCUELA EP NRO74,PLAZA Y CELMAN,PONTEVEDRA,654,10
801,ESCUELA EP NRO74,PLAZA Y CELMAN,PONTEVEDRA,654,10
802,ESCUELA EP NRO74,PLAZA Y CELMAN,PONTEVEDRA,654,10
803,ESCUELA EP NRO74,PLAZA Y CELMAN,PONTEVEDRA,654,10
804,ESCUELA EP NRO74,PLAZA Y CELMAN,PONTEVEDRA,654,10
805,ESCUELA EP NRO74,PLAZA Y CELMAN,PONTEVEDRA,654,10
806,ESCUELA EP NRO74,PLAZA Y CELMAN,PONTEVEDRA,654,10
807,ESCUELA EP NRO74,PLAZA Y CELMAN,PONTEVEDRA,654,10
808,ESCUELA EP NRO57,FRENCH Y VICTORIA S/NRO,PADUA (PARTE),655,10
809,ESCUELA EP NRO57,FRENCH Y VICTORIA S/NRO,PADUA (PARTE),655,10
810,ESCUELA EP NRO57,FRENCH Y VICTORIA S/NRO,PADUA (PARTE),655,10
811,ESCUELA EP NRO57,FRENCH Y VICTORIA S/NRO,PADUA (PARTE),655,10
812,ESCUELA EP NRO57,FRENCH Y VICTORIA S/NRO,PADUA (PARTE),655,10
813,ESCUELA EP NRO57,FRENCH Y VICTORIA S/NRO,PADUA (PARTE),655,10
814,ESCUELA EP NRO57,FRENCH Y VICTORIA S/NRO,PADUA (PARTE),655,10
815,ESCUELA EP NRO57,FRENCH Y VICTORIA S/NRO,PADUA (PARTE),655,10
816,ESCUELA EP NRO57,FRENCH Y VICTORIA S/NRO,PADUA (PARTE),655,10
817,ESCUELA EP NRO57,FRENCH Y VICTORIA S/NRO,PADUA (PARTE),655,10
818,INSTITUTO D.F.SARMIENTO,ITALIA 1170,PADUA (PARTE),655,11
819,INSTITUTO D.F.SARMIENTO,ITALIA 1170,PADUA (PARTE),655,11
820,INSTITUTO D.F.SARMIENTO,ITALIA 1170,PADUA (PARTE),655,11
821,INSTITUTO D.F.SARMIENTO,ITALIA 1170,PADUA (PARTE),655,11
822,INSTITUTO D.F.SARMIENTO,ITALIA 1170,PADUA (PARTE),655,11
823,INSTITUTO D.F.SARMIENTO,ITALIA 1170,PADUA (PARTE),655,11
824,INSTITUTO D.F.SARMIENTO,ITALIA 1170,PADUA (PARTE),655,11
825,INSTITUTO D.F.SARMIENTO,ITALIA 1170,PADUA (PARTE),655,11
826,INSTITUTO D.F.SARMIENTO,ITALIA 1170,PADUA (PARTE),655,11
827,INSTITUTO D.F.SARMIENTO,ITALIA 1170,PADUA (PARTE),655,11
828,INSTITUTO D.F.SARMIENTO,ITALIA 1170,PADUA (PARTE),655,11
829,ESCUELA ESPECIAL NRO504,ITALIA Y SAN MARTIN,PADUA,655,4
830,ESCUELA ESPECIAL NRO504,ITALIA Y SAN MARTIN,PADUA,655,4
831,ESCUELA ESPECIAL NRO504,ITALIA Y SAN MARTIN,PADUA,655,4
832,ESCUELA ESPECIAL NRO504,ITALIA Y SAN MARTIN,PADUA,655,4
833,ESCUELA EDUC.ESTETICA,L.DE LA TORRE 840,PADUA,655,5
834,ESCUELA EDUC.ESTETICA,L.DE LA TORRE 840,PADUA,655,5
835,ESCUELA EDUC.ESTETICA,L.DE LA TORRE 840,PADUA,655,5
836,ESCUELA EDUC.ESTETICA,L.DE LA TORRE 840,PADUA,655,5
837,ESCUELA EDUC.ESTETICA,L.DE LA TORRE 840,PADUA,655,5
838,ESCUELA EP NRO9/ES NRO42,INTTE.MENDILUCE 330,PADUA (PARTE),655,11
839,ESCUELA EP NRO9/ES NRO42,INTTE.MENDILUCE 330,PADUA (PARTE),655,11
840,ESCUELA EP NRO9/ES NRO42,INTTE.MENDILUCE 330,PADUA (PARTE),655,11
841,ESCUELA EP NRO9/ES NRO42,INTTE.MENDILUCE 330,PADUA (PARTE),655,11
842,ESCUELA EP NRO9/ES NRO42,INTTE.MENDILUCE 330,PADUA (PARTE),655,11
843,ESCUELA EP NRO9/ES NRO42,INTTE.MENDILUCE 330,PADUA (PARTE),655,11
844,ESCUELA EP NRO9/ES NRO42,INTTE.MENDILUCE 330,PADUA (PARTE),655,11
845,ESCUELA EP NRO9/ES NRO42,INTTE.MENDILUCE 330,PADUA (PARTE),655,11
846,ESCUELA EP NRO9/ES NRO42,INTTE.MENDILUCE 330,PADUA (PARTE),655,11
847,ESCUELA EP NRO9/ES NRO42,INTTE.MENDILUCE 330,PADUA (PARTE),655,11
848,ESCUELA EP NRO9/ES NRO42,INTTE.MENDILUCE 330,PADUA (PARTE),655,11
849,COLEGIO SAN ANTONIO,CENTENARIO 1399,PADUA (PARTE),655,3
850,COLEGIO SAN ANTONIO,CENTENARIO 1399,PADUA (PARTE),655,3
851,COLEGIO SAN ANTONIO,CENTENARIO 1399,PADUA (PARTE),655,3
852,COLEGIO PRIVADO BME.MITRE,MARCOS SASTRE 1355,PADUA,655,6
853,COLEGIO PRIVADO BME.MITRE,MARCOS SASTRE 1355,PADUA,655,6
854,COLEGIO PRIVADO BME.MITRE,MARCOS SASTRE 1355,PADUA,655,6
855,COLEGIO PRIVADO BME.MITRE,MARCOS SASTRE 1355,PADUA,655,6
856,COLEGIO PRIVADO BME.MITRE,MARCOS SASTRE 1355,PADUA,655,6
857,COLEGIO PRIVADO BME.MITRE,MARCOS SASTRE 1355,PADUA,655,6
858,INSTITUTO MARIANO MORENO,BARABINO 363,PADUA (PARTE),655,5
859,INSTITUTO MARIANO MORENO,BARABINO 363,PADUA (PARTE),655,5
860,INSTITUTO MARIANO MORENO,BARABINO 363,PADUA (PARTE),655,5
861,INSTITUTO MARIANO MORENO,BARABINO 363,PADUA (PARTE),655,5
862,INSTITUTO MARIANO MORENO,BARABINO 363,PADUA (PARTE),655,5
863,ESCUELA EP NRO10,ZARATE 427,PADUA (PARTE),655,8
864,ESCUELA EP NRO10,ZARATE 427,PADUA (PARTE),655,8
865,ESCUELA EP NRO10,ZARATE 427,PADUA (PARTE),655,8
866,ESCUELA EP NRO10,ZARATE 427,PADUA (PARTE),655,8
867,ESCUELA EP NRO10,ZARATE 427,PADUA (PARTE),655,8
868,ESCUELA EP NRO10,ZARATE 427,PADUA (PARTE),655,8
869,ESCUELA EP NRO10,ZARATE 427,PADUA (PARTE),655,8
870,ESCUELA EP NRO10,ZARATE 427,PADUA (PARTE),655,8
871,ESCUELA EP NRO16,BILLIKEN 223 Y L.NOGALES,PADUA (PARTE),655,10
872,ESCUELA EP NRO16,BILLIKEN 223 Y L.NOGALES,PADUA (PARTE),655,10
873,ESCUELA EP NRO16,BILLIKEN 223 Y L.NOGALES,PADUA (PARTE),655,10
874,ESCUELA EP NRO16,BILLIKEN 223 Y L.NOGALES,PADUA (PARTE),655,10
875,ESCUELA EP NRO16,BILLIKEN 223 Y L.NOGALES,PADUA (PARTE),655,10
876,ESCUELA EP NRO16,BILLIKEN 223 Y L.NOGALES,PADUA (PARTE),655,10
877,ESCUELA EP NRO16,BILLIKEN 223 Y L.NOGALES,PADUA (PARTE),655,10
878,ESCUELA EP NRO16,BILLIKEN 223 Y L.NOGALES,PADUA (PARTE),655,10
879,ESCUELA EP NRO16,BILLIKEN 223 Y L.NOGALES,PADUA (PARTE),655,10
880,ESCUELA EP NRO16,BILLIKEN 223 Y L.NOGALES,PADUA (PARTE),655,10
881,INSTITUTO NICOLAS AVELLANEDA,DIRECTORIO 355,PADUA (PARTE),655,12
882,INSTITUTO NICOLAS AVELLANEDA,DIRECTORIO 355,PADUA (PARTE),655,12
883,INSTITUTO NICOLAS AVELLANEDA,DIRECTORIO 355,PADUA (PARTE),655,12
884,INSTITUTO NICOLAS AVELLANEDA,DIRECTORIO 355,PADUA (PARTE),655,12
885,INSTITUTO NICOLAS AVELLANEDA,DIRECTORIO 355,PADUA (PARTE),655,12
886,INSTITUTO NICOLAS AVELLANEDA,DIRECTORIO 355,PADUA (PARTE),655,12
887,INSTITUTO NICOLAS AVELLANEDA,DIRECTORIO 355,PADUA (PARTE),655,12
888,INSTITUTO NICOLAS AVELLANEDA,DIRECTORIO 355,PADUA (PARTE),655,12
889,INSTITUTO NICOLAS AVELLANEDA,DIRECTORIO 355,PADUA (PARTE),655,12
890,INSTITUTO NICOLAS AVELLANEDA,DIRECTORIO 355,PADUA (PARTE),655,12
891,INSTITUTO NICOLAS AVELLANEDA,DIRECTORIO 355,PADUA (PARTE),655,12
892,INSTITUTO NICOLAS AVELLANEDA,DIRECTORIO 355,PADUA (PARTE),655,12
893,ESCUELA EP NRO19/ES NRO35,SUCRE 1250,PADUA (PARTE),655,15
894,ESCUELA EP NRO19/ES NRO35,SUCRE 1250,PADUA (PARTE),655,15
895,ESCUELA EP NRO19/ES NRO35,SUCRE 1250,PADUA (PARTE),655,15
896,ESCUELA EP NRO19/ES NRO35,SUCRE 1250,PADUA (PARTE),655,15
897,ESCUELA EP NRO19/ES NRO35,SUCRE 1250,PADUA (PARTE),655,15
898,ESCUELA EP NRO19/ES NRO35,SUCRE 1250,PADUA (PARTE),655,15
899,ESCUELA EP NRO19/ES NRO35,SUCRE 1250,PADUA (PARTE),655,15
900,ESCUELA EP NRO19/ES NRO35,SUCRE 1250,PADUA (PARTE),655,15
901,ESCUELA EP NRO19/ES NRO35,SUCRE 1250,PADUA (PARTE),655,15
902,ESCUELA EP NRO19/ES NRO35,SUCRE 1250,PADUA (PARTE),655,15
903,ESCUELA EP NRO19/ES NRO35,SUCRE 1250,PADUA (PARTE),655,15
904,ESCUELA EP NRO19/ES NRO35,SUCRE 1250,PADUA (PARTE),655,15
905,ESCUELA EP NRO19/ES NRO35,SUCRE 1250,PADUA (PARTE),655,15
906,ESCUELA EP NRO19/ES NRO35,SUCRE 1250,PADUA (PARTE),655,15
907,ESCUELA EP NRO19/ES NRO35,SUCRE 1250,PADUA (PARTE),655,15
908,ESCUELA EP NRO29,ALBERDI 2351,PADUA (PARTE),655,12
909,ESCUELA EP NRO29,ALBERDI 2351,PADUA (PARTE),655,12
910,ESCUELA EP NRO29,ALBERDI 2351,PADUA (PARTE),655,12
911,ESCUELA EP NRO29,ALBERDI 2351,PADUA (PARTE),655,12
912,ESCUELA EP NRO29,ALBERDI 2351,PADUA (PARTE),655,12
913,ESCUELA EP NRO29,ALBERDI 2351,PADUA (PARTE),655,12
914,ESCUELA EP NRO29,ALBERDI 2351,PADUA (PARTE),655,12
915,ESCUELA EP NRO29,ALBERDI 2351,PADUA (PARTE),655,12
916,ESCUELA EP NRO29,ALBERDI 2351,PADUA (PARTE),655,12
917,ESCUELA EP NRO29,ALBERDI 2351,PADUA (PARTE),655,12
918,ESCUELA EP NRO29,ALBERDI 2351,PADUA (PARTE),655,12
919,ESCUELA EP NRO29,ALBERDI 2351,PADUA (PARTE),655,12
920,ESCUELA ES NRO19,11 NOVIEMBRE E/ANDRADE-ALBERDI,PADUA (PARTE),655,14
921,ESCUELA ES NRO19,11 NOVIEMBRE E/ANDRADE-ALBERDI,PADUA (PARTE),655,14
922,ESCUELA ES NRO19,11 NOVIEMBRE E/ANDRADE-ALBERDI,PADUA (PARTE),655,14
923,ESCUELA ES NRO19,11 NOVIEMBRE E/ANDRADE-ALBERDI,PADUA (PARTE),655,14
924,ESCUELA ES NRO19,11 NOVIEMBRE E/ANDRADE-ALBERDI,PADUA (PARTE),655,14
925,ESCUELA ES NRO19,11 NOVIEMBRE E/ANDRADE-ALBERDI,PADUA (PARTE),655,14
926,ESCUELA ES NRO19,11 NOVIEMBRE E/ANDRADE-ALBERDI,PADUA (PARTE),655,14
927,ESCUELA ES NRO19,11 NOVIEMBRE E/ANDRADE-ALBERDI,PADUA (PARTE),655,14
928,ESCUELA ES NRO19,11 NOVIEMBRE E/ANDRADE-ALBERDI,PADUA (PARTE),655,14
929,ESCUELA ES NRO19,11 NOVIEMBRE E/ANDRADE-ALBERDI,PADUA (PARTE),655,14
930,ESCUELA ES NRO19,11 NOVIEMBRE E/ANDRADE-ALBERDI,PADUA (PARTE),655,14
931,ESCUELA ES NRO19,11 NOVIEMBRE E/ANDRADE-ALBERDI,PADUA (PARTE),655,14
932,ESCUELA ES NRO19,11 NOVIEMBRE E/ANDRADE-ALBERDI,PADUA (PARTE),655,14
933,ESCUELA ES NRO19,11 NOVIEMBRE E/ANDRADE-ALBERDI,PADUA (PARTE),655,14
934,ESCUELA ET NRO3,EL ALGARROBO 223,PADUA (PARTE),655,9
935,ESCUELA ET NRO3,EL ALGARROBO 223,PADUA (PARTE),655,9
936,ESCUELA ET NRO3,EL ALGARROBO 223,PADUA (PARTE),655,9
937,ESCUELA ET NRO3,EL ALGARROBO 223,PADUA (PARTE),655,9
938,ESCUELA ET NRO3,EL ALGARROBO 223,PADUA (PARTE),655,9
939,ESCUELA ET NRO3,EL ALGARROBO 223,PADUA (PARTE),655,9
940,ESCUELA ET NRO3,EL ALGARROBO 223,PADUA (PARTE),655,9
941,ESCUELA ET NRO3,EL ALGARROBO 223,PADUA (PARTE),655,9
942,ESCUELA ET NRO3,EL ALGARROBO 223,PADUA (PARTE),655,9
943,ESCUELA EP NRO28/ES NRO24,C.PELLEGRINI 770,PADUA (PARTE),655,11
944,ESCUELA EP NRO28/ES NRO24,C.PELLEGRINI 770,PADUA (PARTE),655,11
945,ESCUELA EP NRO28/ES NRO24,C.PELLEGRINI 770,PADUA (PARTE),655,11
946,ESCUELA EP NRO28/ES NRO24,C.PELLEGRINI 770,PADUA (PARTE),655,11
947,ESCUELA EP NRO28/ES NRO24,C.PELLEGRINI 770,PADUA (PARTE),655,11
948,ESCUELA EP NRO28/ES NRO24,C.PELLEGRINI 770,PADUA (PARTE),655,11
949,ESCUELA EP NRO28/ES NRO24,C.PELLEGRINI 770,PADUA (PARTE),655,11
950,ESCUELA EP NRO28/ES NRO24,C.PELLEGRINI 770,PADUA (PARTE),655,11
951,ESCUELA EP NRO28/ES NRO24,C.PELLEGRINI 770,PADUA (PARTE),655,11
952,ESCUELA EP NRO28/ES NRO24,C.PELLEGRINI 770,PADUA (PARTE),655,11
953,ESCUELA EP NRO28/ES NRO24,C.PELLEGRINI 770,PADUA (PARTE),655,11
954,ESCUELA EP NRO21/ES NRO29,LAS MARIMONIAS 548,BRO AGUSTIN FERRARI,655,14
955,ESCUELA EP NRO21/ES NRO29,LAS MARIMONIAS 548,BRO AGUSTIN FERRARI,655,14
956,ESCUELA EP NRO21/ES NRO29,LAS MARIMONIAS 548,BRO AGUSTIN FERRARI,655,14
957,ESCUELA EP NRO21/ES NRO29,LAS MARIMONIAS 548,BRO AGUSTIN FERRARI,655,14
958,ESCUELA EP NRO21/ES NRO29,LAS MARIMONIAS 548,BRO AGUSTIN FERRARI,655,14
959,ESCUELA EP NRO21/ES NRO29,LAS MARIMONIAS 548,BRO AGUSTIN FERRARI,655,14
960,ESCUELA EP NRO21/ES NRO29,LAS MARIMONIAS 548,BRO AGUSTIN FERRARI,655,14
961,ESCUELA EP NRO21/ES NRO29,LAS MARIMONIAS 548,BRO AGUSTIN FERRARI,655,14
962,ESCUELA EP NRO21/ES NRO29,LAS MARIMONIAS 548,BRO AGUSTIN FERRARI,655,14
963,ESCUELA EP NRO21/ES NRO29,LAS MARIMONIAS 548,BRO AGUSTIN FERRARI,655,14
964,ESCUELA EP NRO21/ES NRO29,LAS MARIMONIAS 548,BRO AGUSTIN FERRARI,655,14
965,ESCUELA EP NRO21/ES NRO29,LAS MARIMONIAS 548,BRO AGUSTIN FERRARI,655,14
966,ESCUELA EP NRO21/ES NRO29,LAS MARIMONIAS 548,BRO AGUSTIN FERRARI,655,14
967,ESCUELA EP NRO21/ES NRO29,LAS MARIMONIAS 548,BRO AGUSTIN FERRARI,655,14
968,ESCUELA EP NRO20/ES NRO28,E.ALIPPI E/PAGANO Y O'CONNOR,BRO AGUSTIN FERRARI,655,13
969,ESCUELA EP NRO20/ES NRO28,E.ALIPPI E/PAGANO Y O'CONNOR,BRO AGUSTIN FERRARI,655,13
970,ESCUELA EP NRO20/ES NRO28,E.ALIPPI E/PAGANO Y O'CONNOR,BRO AGUSTIN FERRARI,655,13
971,ESCUELA EP NRO20/ES NRO28,E.ALIPPI E/PAGANO Y O'CONNOR,BRO AGUSTIN FERRARI,655,13
972,ESCUELA EP NRO20/ES NRO28,E.ALIPPI E/PAGANO Y O'CONNOR,BRO AGUSTIN FERRARI,655,13
973,ESCUELA EP NRO20/ES NRO28,E.ALIPPI E/PAGANO Y O'CONNOR,BRO AGUSTIN FERRARI,655,13
974,ESCUELA EP NRO20/ES NRO28,E.ALIPPI E/PAGANO Y O'CONNOR,BRO AGUSTIN FERRARI,655,13
975,ESCUELA EP NRO20/ES NRO28,E.ALIPPI E/PAGANO Y O'CONNOR,BRO AGUSTIN FERRARI,655,13
976,ESCUELA EP NRO20/ES NRO28,E.ALIPPI E/PAGANO Y O'CONNOR,BRO AGUSTIN FERRARI,655,13
977,ESCUELA EP NRO20/ES NRO28,E.ALIPPI E/PAGANO Y O'CONNOR,BRO AGUSTIN FERRARI,655,13
978,ESCUELA EP NRO20/ES NRO28,E.ALIPPI E/PAGANO Y O'CONNOR,BRO AGUSTIN FERRARI,655,13
979,ESCUELA EP NRO20/ES NRO28,E.ALIPPI E/PAGANO Y O'CONNOR,BRO AGUSTIN FERRARI,655,13
980,ESCUELA EP NRO20/ES NRO28,E.ALIPPI E/PAGANO Y O'CONNOR,BRO AGUSTIN FERRARI,655,13
981,ESCUELA EP NRO15,MELINCUE E/LORIA Y ALIGHIERI,BRO RIO ALEGRE,655,10
982,ESCUELA EP NRO15,MELINCUE E/LORIA Y ALIGHIERI,BRO RIO ALEGRE,655,10
983,ESCUELA EP NRO15,MELINCUE E/LORIA Y ALIGHIERI,BRO RIO ALEGRE,655,10
984,ESCUELA EP NRO15,MELINCUE E/LORIA Y ALIGHIERI,BRO RIO ALEGRE,655,10
985,ESCUELA EP NRO15,MELINCUE E/LORIA Y ALIGHIERI,BRO RIO ALEGRE,655,10
986,ESCUELA EP NRO15,MELINCUE E/LORIA Y ALIGHIERI,BRO RIO ALEGRE,655,10
987,ESCUELA EP NRO15,MELINCUE E/LORIA Y ALIGHIERI,BRO RIO ALEGRE,655,10
988,ESCUELA EP NRO15,MELINCUE E/LORIA Y ALIGHIERI,BRO RIO ALEGRE,655,10
989,ESCUELA EP NRO15,MELINCUE E/LORIA Y ALIGHIERI,BRO RIO ALEGRE,655,10
990,ESCUELA EP NRO15,MELINCUE E/LORIA Y ALIGHIERI,BRO RIO ALEGRE,655,10
991,ESCUELA EP NRO5,DESEADO E/ARTIGAS Y DEL RIO,MARIANO ACOSTA,655,10
992,ESCUELA EP NRO5,DESEADO E/ARTIGAS Y DEL RIO,MARIANO ACOSTA,655,10
993,ESCUELA EP NRO5,DESEADO E/ARTIGAS Y DEL RIO,MARIANO ACOSTA,655,10
994,ESCUELA EP NRO5,DESEADO E/ARTIGAS Y DEL RIO,MARIANO ACOSTA,655,10
995,ESCUELA EP NRO5,DESEADO E/ARTIGAS Y DEL RIO,MARIANO ACOSTA,655,10
996,ESCUELA EP NRO5,DESEADO E/ARTIGAS Y DEL RIO,MARIANO ACOSTA,655,10
997,ESCUELA EP NRO5,DESEADO E/ARTIGAS Y DEL RIO,MARIANO ACOSTA,655,10
998,ESCUELA EP NRO5,DESEADO E/ARTIGAS Y DEL RIO,MARIANO ACOSTA,655,10
999,ESCUELA EP NRO5,DESEADO E/ARTIGAS Y DEL RIO,MARIANO ACOSTA,655,10
1000,ESCUELA EP NRO5,DESEADO E/ARTIGAS Y DEL RIO,MARIANO ACOSTA,655,10
1001,ESCUELA EP NRO32,A.JONTE E/FINLAY Y 24 DE NOVIE,MARIANO ACOSTA,655,9
1002,ESCUELA EP NRO32,A.JONTE E/FINLAY Y 24 DE NOVIE,MARIANO ACOSTA,655,9
1003,ESCUELA EP NRO32,A.JONTE E/FINLAY Y 24 DE NOVIE,MARIANO ACOSTA,655,9
1004,ESCUELA EP NRO32,A.JONTE E/FINLAY Y 24 DE NOVIE,MARIANO ACOSTA,655,9
1005,ESCUELA EP NRO32,A.JONTE E/FINLAY Y 24 DE NOVIE,MARIANO ACOSTA,655,9
1006,ESCUELA EP NRO32,A.JONTE E/FINLAY Y 24 DE NOVIE,MARIANO ACOSTA,655,9
1007,ESCUELA EP NRO32,A.JONTE E/FINLAY Y 24 DE NOVIE,MARIANO ACOSTA,655,9
1008,ESCUELA EP NRO32,A.JONTE E/FINLAY Y 24 DE NOVIE,MARIANO ACOSTA,655,9
1009,ESCUELA EP NRO32,A.JONTE E/FINLAY Y 24 DE NOVIE,MARIANO ACOSTA,655,9
1010,ESCUELA EP NRO40/ES NRO39,BECQUER Y J.POSSE,MARIANO ACOSTA,655,10
1011,ESCUELA EP NRO40/ES NRO39,BECQUER Y J.POSSE,MARIANO ACOSTA,655,10
1012,ESCUELA EP NRO40/ES NRO39,BECQUER Y J.POSSE,MARIANO ACOSTA,655,10
1013,ESCUELA EP NRO40/ES NRO39,BECQUER Y J.POSSE,MARIANO ACOSTA,655,10
1014,ESCUELA EP NRO40/ES NRO39,BECQUER Y J.POSSE,MARIANO ACOSTA,655,10
1015,ESCUELA EP NRO40/ES NRO39,BECQUER Y J.POSSE,MARIANO ACOSTA,655,10
1016,ESCUELA EP NRO40/ES NRO39,BECQUER Y J.POSSE,MARIANO ACOSTA,655,10
1017,ESCUELA EP NRO40/ES NRO39,BECQUER Y J.POSSE,MARIANO ACOSTA,655,10
1018,ESCUELA EP NRO40/ES NRO39,BECQUER Y J.POSSE,MARIANO ACOSTA,655,10
1019,ESCUELA EP NRO40/ES NRO39,BECQUER Y J.POSSE,MARIANO ACOSTA,655,10
1020,ESCUELA EP NRO54/ES NRO50,CANADA E/LA NIÑA Y LA PINTA,MARIANO ACOSTA,655,9
1021,ESCUELA EP NRO54/ES NRO50,CANADA E/LA NIÑA Y LA PINTA,MARIANO ACOSTA,655,9
1022,ESCUELA EP NRO54/ES NRO50,CANADA E/LA NIÑA Y LA PINTA,MARIANO ACOSTA,655,9
1023,ESCUELA EP NRO54/ES NRO50,CANADA E/LA NIÑA Y LA PINTA,MARIANO ACOSTA,655,9
1024,ESCUELA EP NRO54/ES NRO50,CANADA E/LA NIÑA Y LA PINTA,MARIANO ACOSTA,655,9
1025,ESCUELA EP NRO54/ES NRO50,CANADA E/LA NIÑA Y LA PINTA,MARIANO ACOSTA,655,9
1026,ESCUELA EP NRO54/ES NRO50,CANADA E/LA NIÑA Y LA PINTA,MARIANO ACOSTA,655,9
1027,ESCUELA EP NRO54/ES NRO50,CANADA E/LA NIÑA Y LA PINTA,MARIANO ACOSTA,655,9
1028,ESCUELA EP NRO54/ES NRO50,CANADA E/LA NIÑA Y LA PINTA,MARIANO ACOSTA,655,9
1029,ESCUELA ES NRO2,RIO DESEADO 1525 Y GENOVA,MARIANO ACOSTA,655,7
1030,ESCUELA ES NRO2,RIO DESEADO 1525 Y GENOVA,MARIANO ACOSTA,655,7
1031,ESCUELA ES NRO2,RIO DESEADO 1525 Y GENOVA,MARIANO ACOSTA,655,7
1032,ESCUELA ES NRO2,RIO DESEADO 1525 Y GENOVA,MARIANO ACOSTA,655,7
1033,ESCUELA ES NRO2,RIO DESEADO 1525 Y GENOVA,MARIANO ACOSTA,655,7
1034,ESCUELA ES NRO2,RIO DESEADO 1525 Y GENOVA,MARIANO ACOSTA,655,7
1035,ESCUELA ES NRO2,RIO DESEADO 1525 Y GENOVA,MARIANO ACOSTA,655,7
1036,ESCUELA NTRA.SRA.DE LOURDES,AV.CONSTITUYENTES S/NRO,MARIANO ACOSTA,655,10
1037,ESCUELA NTRA.SRA.DE LOURDES,AV.CONSTITUYENTES S/NRO,MARIANO ACOSTA,655,10
1038,ESCUELA NTRA.SRA.DE LOURDES,AV.CONSTITUYENTES S/NRO,MARIANO ACOSTA,655,10
1039,ESCUELA NTRA.SRA.DE LOURDES,AV.CONSTITUYENTES S/NRO,MARIANO ACOSTA,655,10
1040,ESCUELA NTRA.SRA.DE LOURDES,AV.CONSTITUYENTES S/NRO,MARIANO ACOSTA,655,10
1041,ESCUELA NTRA.SRA.DE LOURDES,AV.CONSTITUYENTES S/NRO,MARIANO ACOSTA,655,10
1042,ESCUELA NTRA.SRA.DE LOURDES,AV.CONSTITUYENTES S/NRO,MARIANO ACOSTA,655,10
1043,ESCUELA NTRA.SRA.DE LOURDES,AV.CONSTITUYENTES S/NRO,MARIANO ACOSTA,655,10
1044,ESCUELA NTRA.SRA.DE LOURDES,AV.CONSTITUYENTES S/NRO,MARIANO ACOSTA,655,10
1045,ESCUELA NTRA.SRA.DE LOURDES,AV.CONSTITUYENTES S/NRO,MARIANO ACOSTA,655,10
1046,ESCUELA EP NRO59,GALLARDO 1250,MARIANO ACOSTA,655,14
1047,ESCUELA EP NRO59,GALLARDO 1250,MARIANO ACOSTA,655,14
1048,ESCUELA EP NRO59,GALLARDO 1250,MARIANO ACOSTA,655,14
1049,ESCUELA EP NRO59,GALLARDO 1250,MARIANO ACOSTA,655,14
1050,ESCUELA EP NRO59,GALLARDO 1250,MARIANO ACOSTA,655,14
1051,ESCUELA EP NRO59,GALLARDO 1250,MARIANO ACOSTA,655,14
1052,ESCUELA EP NRO59,GALLARDO 1250,MARIANO ACOSTA,655,14
1053,ESCUELA EP NRO59,GALLARDO 1250,MARIANO ACOSTA,655,14
1054,ESCUELA EP NRO59,GALLARDO 1250,MARIANO ACOSTA,655,14
1055,ESCUELA EP NRO59,GALLARDO 1250,MARIANO ACOSTA,655,14
1056,ESCUELA EP NRO59,GALLARDO 1250,MARIANO ACOSTA,655,14
1057,ESCUELA EP NRO59,GALLARDO 1250,MARIANO ACOSTA,655,14
1058,ESCUELA EP NRO59,GALLARDO 1250,MARIANO ACOSTA,655,14
1059,ESCUELA EP NRO59,GALLARDO 1250,MARIANO ACOSTA,655,14
1060,ESCUELA EP NRO27/ES NRO32,L.VIALE E/ALBARELLOS Y NERVO,BRO LAS CAMPANILLAS,655,11
1061,ESCUELA EP NRO27/ES NRO32,L.VIALE E/ALBARELLOS Y NERVO,BRO LAS CAMPANILLAS,655,11
1062,ESCUELA EP NRO27/ES NRO32,L.VIALE E/ALBARELLOS Y NERVO,BRO LAS CAMPANILLAS,655,11
1063,ESCUELA EP NRO27/ES NRO32,L.VIALE E/ALBARELLOS Y NERVO,BRO LAS CAMPANILLAS,655,11
1064,ESCUELA EP NRO27/ES NRO32,L.VIALE E/ALBARELLOS Y NERVO,BRO LAS CAMPANILLAS,655,11
1065,ESCUELA EP NRO27/ES NRO32,L.VIALE E/ALBARELLOS Y NERVO,BRO LAS CAMPANILLAS,655,11
1066,ESCUELA EP NRO27/ES NRO32,L.VIALE E/ALBARELLOS Y NERVO,BRO LAS CAMPANILLAS,655,11
1067,ESCUELA EP NRO27/ES NRO32,L.VIALE E/ALBARELLOS Y NERVO,BRO LAS CAMPANILLAS,655,11
1068,ESCUELA EP NRO27/ES NRO32,L.VIALE E/ALBARELLOS Y NERVO,BRO LAS CAMPANILLAS,655,11
1069,ESCUELA EP NRO27/ES NRO32,L.VIALE E/ALBARELLOS Y NERVO,BRO LAS CAMPANILLAS,655,11
1070,ESCUELA EP NRO27/ES NRO32,L.VIALE E/ALBARELLOS Y NERVO,BRO LAS CAMPANILLAS,655,11
1071,ESCUELA EP NRO18,CERRITO Y RONDEAU,BRO SANTA ISABEL,655,12
1072,ESCUELA EP NRO18,CERRITO Y RONDEAU,BRO SANTA ISABEL,655,12
1073,ESCUELA EP NRO18,CERRITO Y RONDEAU,BRO SANTA ISABEL,655,12
1074,ESCUELA EP NRO18,CERRITO Y RONDEAU,BRO SANTA ISABEL,655,12
1075,ESCUELA EP NRO18,CERRITO Y RONDEAU,BRO SANTA ISABEL,655,12
1076,ESCUELA EP NRO18,CERRITO Y RONDEAU,BRO SANTA ISABEL,655,12
1077,ESCUELA EP NRO18,CERRITO Y RONDEAU,BRO SANTA ISABEL,655,12
1078,ESCUELA EP NRO18,CERRITO Y RONDEAU,BRO SANTA ISABEL,655,12
1079,ESCUELA EP NRO18,CERRITO Y RONDEAU,BRO SANTA ISABEL,655,12
1080,ESCUELA EP NRO18,CERRITO Y RONDEAU,BRO SANTA ISABEL,655,12
1081,ESCUELA EP NRO18,CERRITO Y RONDEAU,BRO SANTA ISABEL,655,12
1082,ESCUELA EP NRO18,CERRITO Y RONDEAU,BRO SANTA ISABEL,655,12
1083,INST.PRIV.SAN FCO.DE ASIS,TRES SARGENTOS 565,MARIANO ACOSTA,655,4
1084,INST.PRIV.SAN FCO.DE ASIS,TRES SARGENTOS 565,MARIANO ACOSTA,655,4
1085,INST.PRIV.SAN FCO.DE ASIS,TRES SARGENTOS 565,MARIANO ACOSTA,655,4
1086,INST.PRIV.SAN FCO.DE ASIS,TRES SARGENTOS 565,MARIANO ACOSTA,655,4
