nombre|apellido|
eudardo |lamas|
eudardo |lamas|
alal|aaaaa|
alal|aaaaa|
alal|aaaaa|
roberto |loro|
roberto |loro|
roberto |loro|
roberto |loro|
roberto |loro|
dsasdsa|adsasd|
dsasdsa|adsasd|
dsasdsa|adsasd|
dsasdsa|adsasd|
dsasdsa|adsasd|
dsasdsa|adsasd|
dsasdsa|adsasd|
dsasdsa|adsasd|
dsasdsa|adsasd|
dsasdsa|adsasd|
dsasdsa|adsasd|
dsasdsa|adsasd|
dsasdsa|adsasd|
dsasdsa|adsasd|
dsasdsa|adsasd|
dsasdsa|adsasd|
añdlasklñsad|ñaslkdasñlkdsñ|
añdlasklñsad|ñaslkdasñlkdsñ|
añdlasklñsad|ñaslkdasñlkdsñ|
añdlasklñsad|ñaslkdasñlkdsñ|
añdlasklñsad|ñaslkdasñlkdsñ|
añdlasklñsad|ñaslkdasñlkdsñ|
añdlasklñsad|ñaslkdasñlkdsñ|
añdlasklñsad|ñaslkdasñlkdsñ|
añdlasklñsad|ñaslkdasñlkdsñ|
añdlasklñsad|ñaslkdasñlkdsñ|
añdlasklñsad|ñaslkdasñlkdsñ|
añdlasklñsad|ñaslkdasñlkdsñ|
añdlasklñsad|ñaslkdasñlkdsñ|
añdlasklñsad|ñaslkdasñlkdsñ|
añdlasklñsad|ñaslkdasñlkdsñ|
añdlasklñsad|ñaslkdasñlkdsñ|
añdlasklñsad|ñaslkdasñlkdsñ|
añdlasklñsad|ñaslkdasñlkdsñ|
añdlasklñsad|ñaslkdasñlkdsñ|
añdlasklñsad|ñaslkdasñlkdsñ|
añdlasklñsad|ñaslkdasñlkdsñ|
añdlasklñsad|ñaslkdasñlkdsñ|
añdlasklñsad|ñaslkdasñlkdsñ|
añdlasklñsad|ñaslkdasñlkdsñ|
euduardo|lmas|
euduardo|lmas|
asdasda|asdadad|
asdasda|asdadad|
asdasda|asdadad|
asdasda|asdadad|
asdasd|asdads|
asdasd|asdads|
asdasd|asdads|
asdasd|asdads|
asdasd|asdads|
asdasd|asdads|
asdasd|asdads|
asdasd|asdads|
asdasd|asdads|
asdasd|asdads|
asdasd|asdads|
asdasd|asdads|
asdasd|asdads|
asdasd|asdads|
asdasd|asdads|
asdasd|asdads|
asdasd|asdads|
asdasd|asdads|
asdasd|asdads|
asdasd|asdads|
asdasd|asdads|
asdasd|asdads|
asdasd|asdads|
asdasd|asdads|
asdasd|asdads|
asdasd|asdads|
asdasd|asdads|
asdasd|asdads|
asdasd|asdads|
asdasd|asdads|
asdasd|asdads|
asdasd|asdads|
asdasd|asdads|
asdasd|asdads|
asdasd|asdads|
asdasd|asdads|
asdasd|asdads|
asdasd|asdads|
asdasd|asdads|
asdasd|asdads|
asdasd|asdads|
asdasd|asdads|
asdasd|asdads|
asdasd|asdads|
asdasd|asdads|
asdasd|asdads|
asdasd|asdads|
asdasd|asdads|
asdasd|asdads|
asdasd|asdads|
asdasd|asdads|
felix|romero|
felix|romero|
felix|romero|
felix|romero|
felix|romero|
felix|romero|
asdads|asdasd|
asdads|asdasd|
felixx|romereoro|
|sdf|
